Byrå ID,Orgnr,Skapad,aktiv/inaktiv,Användare,Namn,regdatum,Styrelseledamöter,Befattningshavare,Name (from Styrelseledamöter),Roll (from Styrelseledamöter),Orgnr (from Styrelseledamöter),Personnr (from Styrelseledamöter),Suppleanter,Address,telefon,mailaddress ,Verksamhetsbeskrivning,SNI kod,Beskrivning av kunden,Risk & compliance,Kunduppgifter,Telefonnr,e-post,Bolagsform,Ombud,Verklig huvudman,Skatterättslig hemvist,Frekvens,omfattning i h,Ytterligare beskrivning av kunden och verksamheten,Registreringsbevis,LINKED: Risker kopplad till tjänster,Kundens utvalda tjänster,Lookup Byråns högrisktjänster,Utvalda Högrisktjänster,KYC UTFÖRD DATUM,Riskbedömning utförd datum,sammanlagd risk,Motivering,risker kopplat till tjänster,Risksänkande åtgjärder,Kunden verkar i en högriskbransch,Riskhöjande faktorer tjänster,Riskhöjande faktorer övrigt,Risksänkande faktorer,Kommentar till riskfaktorerna ovan,Risker från KYC,Antal träffar PEP och sanktionslistor,Svar kvalitetsfrågor,Rapport PEP,Betalningar,PEP,Syfte med affärsförbindelsen,Tidshorisont affärsförbindelsen,Vilket ursprung har företagets kapital?,Har företaget transaktioner med andra länder?,Byrån har,Uppdraget kan antas,SNI-koder,Info fast pris,Avtalet gäller ifrån,Uppsägningstid,Uppdragsavtal,KYC dok,Momsuppdrag,Uppdrag,Uppdrag 2,Attachments,Uppdragstext,Kundens riskbedömning godkänd,Intelligence varning,Omsättning,firmateckning,Affärsmodell,registreringsland,Aktivt företag,Senaste årsredovisning,Fg årsredovisning,Ffg årsredovisning,Fg årsredovisning json,Ffg årsredovisning json,Senaste årsredovisning json,Senaste årsredovisning fil,Fg årsredovisning fil,Ffg årsredovisning fil,Högrisk SNI match,Riskklass
42,900201-3960 ,2025-8-15 14:21,,35,Slipp Redovinsing AB ,,,,,,,,,,,,,,Beskrivning av kunden,Risk & Compliance,Kundens uppgifter,070-2462921,Annika@rydenredovisning.se,AB,,Fredrik Grengby ,Annat land,,,,,,,,,,,,,,,,,,,,,0,,,,Inte PEP,Normala redovisningstjänster för företag,,,,,,01.131	Potatisodling,,,,,,,,,,"Signering av detta avtal innebär godkännande av följande underbilagor:

<br/>

1.  Allmänna villkor
    
1.  Personuppgiftsbiträdesavtal
    
    <br/>
    

Avtalet avser de tjänster som specificeras nedan,

uppdragstagaren åtar sig att utföra de tjänster som anges. Uppdragsavtalet kan fortlöpande utökas eller ändras till sin omfattning efter båda parters godkännande.

<br/>

För fullständiga villkor - se bilaga 2 Allmänna villkor. <br/>

De viktigaste punkterna är:<br/>

-   Löpande bokföring: Underlag skall lämnas senast 15 dagar efter periodens slut.
    
-   Löneadministration: Underlag för löneberäkning och attest skall lämnas minst 7 dagar före löneutbetalning.
    
-   Korrekt information: Uppdragsgivaren ansvarar för att alla upplysningar och anvisningar är korrekta och följer gällande lag.
    
-   Fullständiga uppgifter: Uppdragsgivaren ska tillhandahålla samtliga uppgifter som krävs för att uppdraget ska kunna utföras korrekt.
    
-   Ansvar för redovisningen: Som kund är du alltid juridiskt ansvarig för din redovisning. Tveka inte att ställa frågor vid oklarheter. Vi garanterar hög kvalitet på vårt arbete.",2025-7-30,,,,,,,,,,,,,,,,❌ Lågrisk,#ERROR!
41,5566778889,2025-8-15 14:21,,25,"Annika
 AB",,,,,,,,,,,,,,Beskrivning av kunden,Risk & Compliance,Kundens uppgifter,070-2462921,testera@fgfgh.se,AB,,Robin Rydén,Annat land,,,,,,,,,2025-06-06 17:50,,låg,,"AVSTÄMNING, Avstämning av balanskonton",efaergdth,,"Avskrivningnar,ROT/RUT hantering",Kontanthantering,Inga kopplingar till utlandet,,,0,,,Inga betalningar med kontanter/betalkort,Inte PEP,Normala redovisningstjänster för företag,Långsiktigt (mer än fem år),Tillskott från ägare,Ja,,,01.131	Potatisodling,,,,,file.pdf (https://v5.airtableusercontent.com/v3/u/44/44/1756310400000/fMyAMYbICvcg3N3OKnlCYg/lqtBh5KPPfWeKyGjrHZfjyUAtd8pzNZq3tduRCkiGY68wCahSvTKQGDN_5WtNePbNUP8UR5OrQJi8_mNjoh29GKaKumaXaKlMrqPzzpPFuCms9-osiIQM-Vex3hx7oQ5BTe0iPJe7sELTvKL--nKIOdU4Hc0hNKIru0nFLlcuQY/8XNiUOSpHnXrHLt77uIfPliMf2YhNNDN1NGraGZ8D6k),Månadsmoms (den 12e månaden efter perioden),,,,"Signering av detta avtal innebär godkännande av följande underbilagor:

1. Allmänna villkor
2. Personuppgiftsbiträdesavtal


Avtalet avser de tjänster som specificeras nedan, 
uppdragstagaren åtar sig att utföra de tjänster som anges. Uppdragsavtalet kan fortlöpande utökas eller ändras till sin omfattning efter båda parters godkännande.

För fullständiga villkor - se bilaga 2 Allmänna villkor. 
De viktigaste punkterna är:
- Löpande bokföring: Underlag skall lämnas senast 15 dagar efter periodens slut.
- Löneadministration: Underlag för löneberäkning och attest skall lämnas minst 7 dagar före löneutbetalning.
- Korrekt information: Uppdragsgivaren ansvarar för att alla upplysningar och anvisningar är korrekta och följer gällande lag.
- Fullständiga uppgifter: Uppdragsgivaren ska tillhandahålla samtliga uppgifter som krävs för att uppdraget ska kunna utföras korrekt.
- Ansvar för redovisningen: Som kund är du alltid juridiskt ansvarig för din redovisning. Tveka inte att ställa frågor vid oklarheter. Vi garanterar hög kvalitet på vårt arbete.
",,,,,,,,,,,,,,,,,❌ Lågrisk,#ERROR!
41,100312????,2025-8-15 14:21,,25,Lillys Blommor och Bullar AB,,,,,,,,,,,,,,Beskrivning av kunden,Risk & Compliance,Kundens uppgifter,070-2462921,testera@fgfgh.se,EF,,Lilly Rydén,Sverige,"Kvartalsvis,Månatligt",,"Ett litet Café i samma stad som jag bor. Säljer bakverk och blommor.
",,,,,,2025-06-06 18:20,2024-6-18,Normal,"Litet företag med enkel tydlig verksamhet

",Avstämning arbetsgivaravgift och personalskatt,Kontroll varje kvartal av tre kundfakturor,Restaurang,Avskrivningnar,Företaget har många kortvariga affärsrelationer,"Inga kopplingar till utlandet,""Enkel struktur, lätt att få överblick på transaktionerna"",Små transaktioner",Totalt sett inget som sticker ut,,0,5593483902_ByI9ajG3.pdf (https://v5.airtableusercontent.com/v3/u/44/44/1756310400000/OarLGy8qI-OziXATa1PgBg/SLGbTCBLj90pJGxg_Qb9pSKoiSeKK9ZtOEG9mjJCovsMM95W8ZVt4fJDBFCuB2tPmyFWH5PrkTgbYbN1LVX3qdkku3t2GBaam0rbpSGk0NyYgyNHLCYrSPbJ8c46Vwc386oorjLpm7-R7spL0FSJhzhiE5Od-2QhQ-jt3rLzbeQ/F6Q1Auv5kuIV3Y-ag-9_AuMt7rXvWY4guelW3spGMuw),,Inga betalningar med kontanter/betalkort,Inte PEP,Normala redovisningstjänster för företag,Långsiktigt (mer än fem år),Tillskott från ägare,Nej,"Kapacitet att ta emot kunden,Kunskap nog att hjälpa kunden,Kunden bedöms som seriös,Kundkännedom har uppnåtts",,,,2025-6-6,1 månad,,file.pdf (https://v5.airtableusercontent.com/v3/u/44/44/1756310400000/fMyAMYbICvcg3N3OKnlCYg/lqtBh5KPPfWeKyGjrHZfjyUAtd8pzNZq3tduRCkiGY68wCahSvTKQGDN_5WtNePbNUP8UR5OrQJi8_mNjoh29GKaKumaXaKlMrqPzzpPFuCms9-osiIQM-Vex3hx7oQ5BTe0iPJe7sELTvKL--nKIOdU4Hc0hNKIru0nFLlcuQY/8XNiUOSpHnXrHLt77uIfPliMf2YhNNDN1NGraGZ8D6k),,,,,"Signering av detta avtal innebär godkännande av följande underbilagor:

1. Allmänna villkor
2. Personuppgiftsbiträdesavtal


Avtalet avser de tjänster som specificeras nedan, 
uppdragstagaren åtar sig att utföra de tjänster som anges. Uppdragsavtalet kan fortlöpande utökas eller ändras till sin omfattning efter båda parters godkännande.

För fullständiga villkor - se bilaga 2 Allmänna villkor. 
De viktigaste punkterna är:
- Löpande bokföring: Underlag skall lämnas senast 15 dagar efter periodens slut.
- Löneadministration: Underlag för löneberäkning och attest skall lämnas minst 7 dagar före löneutbetalning.
- Korrekt information: Uppdragsgivaren ansvarar för att alla upplysningar och anvisningar är korrekta och följer gällande lag.
- Fullständiga uppgifter: Uppdragsgivaren ska tillhandahålla samtliga uppgifter som krävs för att uppdraget ska kunna utföras korrekt.
- Ansvar för redovisningen: Som kund är du alltid juridiskt ansvarig för din redovisning. Tveka inte att ställa frågor vid oklarheter. Vi garanterar hög kvalitet på vårt arbete.
",,,,,,,,,,,,,,,,,❌ Lågrisk,#ERROR!
41,"1003126361
",2025-8-15 14:21,,25,Lillys Blommor och Bullar AB,,,,,,,,,,,,,,Beskrivning av kunden,Risk & Compliance,Kundens uppgifter,070-2462921,testera@fgfgh.se,EF,,Lilly Rydén,Sverige,,,,,,,,,2025-06-06 18:20,2024-6-18,låg,fghukyilkutiluoöiyoö yhtjgmyuk fhntuuk fsynryjtyj,ROT/RUT,ghfdhjgjkyhjkhkl,Bilhandel,Anläggningsregister,"Bristfälliga bokföringsrutiner,Kontanthantering",Inga kopplingar till utlandet,fgfggf,,0,,,Inga betalningar med kontanter/betalkort,Inte PEP,Normala redovisningstjänster för företag,Långsiktigt (mer än fem år),Tillskott från ägare,Ja,,,01.131	Potatisodling,Fast pris gäller from bla bla bla,2025-6-6,1 månad,,file.pdf (https://v5.airtableusercontent.com/v3/u/44/44/1756310400000/fMyAMYbICvcg3N3OKnlCYg/lqtBh5KPPfWeKyGjrHZfjyUAtd8pzNZq3tduRCkiGY68wCahSvTKQGDN_5WtNePbNUP8UR5OrQJi8_mNjoh29GKaKumaXaKlMrqPzzpPFuCms9-osiIQM-Vex3hx7oQ5BTe0iPJe7sELTvKL--nKIOdU4Hc0hNKIru0nFLlcuQY/8XNiUOSpHnXrHLt77uIfPliMf2YhNNDN1NGraGZ8D6k),,,,,"Signering av detta avtal innebär godkännande av följande underbilagor:

1. Allmänna villkor
2. Personuppgiftsbiträdesavtal


Avtalet avser de tjänster som specificeras nedan, 
uppdragstagaren åtar sig att utföra de tjänster som anges. Uppdragsavtalet kan fortlöpande utökas eller ändras till sin omfattning efter båda parters godkännande.

För fullständiga villkor - se bilaga 2 Allmänna villkor. 
De viktigaste punkterna är:
- Löpande bokföring: Underlag skall lämnas senast 15 dagar efter periodens slut.
- Löneadministration: Underlag för löneberäkning och attest skall lämnas minst 7 dagar före löneutbetalning.
- Korrekt information: Uppdragsgivaren ansvarar för att alla upplysningar och anvisningar är korrekta och följer gällande lag.
- Fullständiga uppgifter: Uppdragsgivaren ska tillhandahålla samtliga uppgifter som krävs för att uppdraget ska kunna utföras korrekt.
- Ansvar för redovisningen: Som kund är du alltid juridiskt ansvarig för din redovisning. Tveka inte att ställa frågor vid oklarheter. Vi garanterar hög kvalitet på vårt arbete.
",,,,,,,,,,,,,,,,,❌ Lågrisk,#ERROR!
41,5566778889,2025-8-15 14:21,Inaktivera,25,Test AB,,,,,,,,,,,,,,Beskrivning av kunden,Risk & Compliance,Kundens uppgifter,070-2462921,test@rydenredovisning.se,AB,Annika Rydén,Test VH Rydén,Sverige,"""Behovsbaserat (t ex rådgivning, tillfälliga uppdrag)""",,,,,,,,2025-06-18 11:45,2024-6-17,låg,Inga konstigheter,,,---,ROT/RUT hantering,Företaget har många kunder på distans,,,,,,,Inga betalningar med kontanter/betalkort,Inte PEP,Normala redovisningstjänster för företag,Långsiktigt (mer än fem år),,Nej,"Kapacitet att ta emot kunden,Kundkännedom har uppnåtts,Kunden bedöms som seriös,Kunskap nog att hjälpa kunden",checked,,,2025-6-18,,,KYC_Test_VH_Ryd_n.pdf (https://v5.airtableusercontent.com/v3/u/44/44/1756310400000/rU-VgPwA9b08ji53Qo4JvQ/9bKDYULXm8ByVIM9hvuwsujU4a-rcCbdPmY2tvT2qYmw3V1lp-r9IVBTFS2GEsNwTAPvrwpqL8Wdapm02dtuvwknENLNtCkEnbxzPYK2Dl1O0pvkPAjBf98X9LJ6tOroD-ib6S25WwLubzKGcp0HiCh_IdFuDsy3AvYnuo4n_LU/1g1AWFyCXLtRM5Iz1n7ui5lYUfTU3hkwGibt2iI8Y1k),,,,,"Signering av detta avtal innebär godkännande av följande underbilagor:

1. Allmänna villkor
2. Personuppgiftsbiträdesavtal


Avtalet avser de tjänster som specificeras nedan, 
uppdragstagaren åtar sig att utföra de tjänster som anges. Uppdragsavtalet kan fortlöpande utökas eller ändras till sin omfattning efter båda parters godkännande.

För fullständiga villkor - se bilaga 2 Allmänna villkor. 
De viktigaste punkterna är:
- Löpande bokföring: Underlag skall lämnas senast 15 dagar efter periodens slut.
- Löneadministration: Underlag för löneberäkning och attest skall lämnas minst 7 dagar före löneutbetalning.
- Korrekt information: Uppdragsgivaren ansvarar för att alla upplysningar och anvisningar är korrekta och följer gällande lag.
- Fullständiga uppgifter: Uppdragsgivaren ska tillhandahålla samtliga uppgifter som krävs för att uppdraget ska kunna utföras korrekt.
- Ansvar för redovisningen: Som kund är du alltid juridiskt ansvarig för din redovisning. Tveka inte att ställa frågor vid oklarheter. Vi garanterar hög kvalitet på vårt arbete.
",,,,,,,,,,,,,,,,,❌ Lågrisk,#ERROR!
41,8405202709,2025-8-15 14:21,,25,Annika Rydén EF,,,,,,,,,,,,,,Beskrivning av kunden,Risk & Compliance,Kundens uppgifter,070-2462921,annika@rydenredovisning.se,EF,,Annika Rydén,Sverige,"""Endast vid bokslut/deklaration, en gång per år""",,,,,,,,2025-06-18 16:19,,,,,,,,,,,,,,,Inga betalningar med kontanter/betalkort,Inte PEP,Normala redovisningstjänster för företag,Kortsiktigt,,Nej,"Kapacitet att ta emot kunden,Kundkännedom har uppnåtts,Kunden bedöms som seriös,Kunskap nog att hjälpa kunden",checked,,,2025-6-18,,,,,,,,"Signering av detta avtal innebär godkännande av följande underbilagor:

1. Allmänna villkor
2. Personuppgiftsbiträdesavtal


Avtalet avser de tjänster som specificeras nedan, 
uppdragstagaren åtar sig att utföra de tjänster som anges. Uppdragsavtalet kan fortlöpande utökas eller ändras till sin omfattning efter båda parters godkännande.

För fullständiga villkor - se bilaga 2 Allmänna villkor. 
De viktigaste punkterna är:
- Löpande bokföring: Underlag skall lämnas senast 15 dagar efter periodens slut.
- Löneadministration: Underlag för löneberäkning och attest skall lämnas minst 7 dagar före löneutbetalning.
- Korrekt information: Uppdragsgivaren ansvarar för att alla upplysningar och anvisningar är korrekta och följer gällande lag.
- Fullständiga uppgifter: Uppdragsgivaren ska tillhandahålla samtliga uppgifter som krävs för att uppdraget ska kunna utföras korrekt.
- Ansvar för redovisningen: Som kund är du alltid juridiskt ansvarig för din redovisning. Tveka inte att ställa frågor vid oklarheter. Vi garanterar hög kvalitet på vårt arbete.
",,,,,,,,,,,,,,,,,❌ Lågrisk,#ERROR!
41,SE910529447501,2025-8-15 14:21,,25,SpecNote,,,,,,,,,,,,,,Beskrivning av kunden,Risk & Compliance,Kundens uppgifter,070-2462921,robin@specnote.se,EF,,Robin Rydén,Sverige,"""Endast vid bokslut/deklaration, en gång per år""",,Gör musik.,,,,,,2025-06-18 17:53,,,,,,,,,,,,,,,Inga betalningar med kontanter/betalkort,Inte PEP,Normala redovisningstjänster för företag,Långsiktigt (mer än fem år),,Nej,"Kapacitet att ta emot kunden,Kundkännedom har uppnåtts,Kunden bedöms som seriös,Kunskap nog att hjälpa kunden",checked,,,2025-6-18,,,KYC_Robin_Ryd_n.pdf (https://v5.airtableusercontent.com/v3/u/44/44/1756310400000/fFVFGf-UO0rRYt2iqzp7pQ/6R2HVh84eSaVceamyx1H3_AhzlTIoL47x36x6lL4-CEglGxa7CDSPxTZW5mhhMz-Yf1p0LGPUU97wN34nxZWtMSaP_K9Z9_c6vGuO4eiL0_Tglrt8pArIr1osg1eTBBcY6W9k4fJoTy8lpiNKYkbeWUmM-o3W42gEQqiNUGay24/x4SgZVa8XJr1fozwsT0ekMzHBxutlRlyoF9LxthV22M),,,,,"Signering av detta avtal innebär godkännande av följande underbilagor:

1. Allmänna villkor
2. Personuppgiftsbiträdesavtal


Avtalet avser de tjänster som specificeras nedan, 
uppdragstagaren åtar sig att utföra de tjänster som anges. Uppdragsavtalet kan fortlöpande utökas eller ändras till sin omfattning efter båda parters godkännande.

För fullständiga villkor - se bilaga 2 Allmänna villkor. 
De viktigaste punkterna är:
- Löpande bokföring: Underlag skall lämnas senast 15 dagar efter periodens slut.
- Löneadministration: Underlag för löneberäkning och attest skall lämnas minst 7 dagar före löneutbetalning.
- Korrekt information: Uppdragsgivaren ansvarar för att alla upplysningar och anvisningar är korrekta och följer gällande lag.
- Fullständiga uppgifter: Uppdragsgivaren ska tillhandahålla samtliga uppgifter som krävs för att uppdraget ska kunna utföras korrekt.
- Ansvar för redovisningen: Som kund är du alltid juridiskt ansvarig för din redovisning. Tveka inte att ställa frågor vid oklarheter. Vi garanterar hög kvalitet på vårt arbete.
",,,,,,,,,,,,,,,,,❌ Lågrisk,#ERROR!
41,5568983091,2025-8-15 14:21,,25,Ekonomiexperten i Sverige AB,,,,,,,,,,,,,,Beskrivning av kunden,Risk & Compliance,Kundens uppgifter,070-2462921,fredrik.grengby@slipp.se,AB,,Fredrik Grengby,Sverige,,,..klköl,,,,,,2025-06-19 11:35,2025-6-19,Normal,ewrweewr,,,Restaurang,Lönehantering,"Bristfälliga bokföringsrutiner,Företaget har många kunder på distans,""Mkt ändringar i styrelse, adress eller firmateckning"",Otydlig affärsmodell",Små transaktioner,okiun,,,,,Inga betalningar med kontanter/betalkort,Inte PEP,Normala redovisningstjänster för företag,Kortsiktigt,,Nej,"Kapacitet att ta emot kunden,Kundkännedom har uppnåtts,Kunden bedöms som seriös,Kunskap nog att hjälpa kunden",checked,,,2025-6-19,,,,,,,,"Signering av detta avtal innebär godkännande av följande underbilagor:

1. Allmänna villkor
2. Personuppgiftsbiträdesavtal


Avtalet avser de tjänster som specificeras nedan, 
uppdragstagaren åtar sig att utföra de tjänster som anges. Uppdragsavtalet kan fortlöpande utökas eller ändras till sin omfattning efter båda parters godkännande.

För fullständiga villkor - se bilaga 2 Allmänna villkor. 
De viktigaste punkterna är:
- Löpande bokföring: Underlag skall lämnas senast 15 dagar efter periodens slut.
- Löneadministration: Underlag för löneberäkning och attest skall lämnas minst 7 dagar före löneutbetalning.
- Korrekt information: Uppdragsgivaren ansvarar för att alla upplysningar och anvisningar är korrekta och följer gällande lag.
- Fullständiga uppgifter: Uppdragsgivaren ska tillhandahålla samtliga uppgifter som krävs för att uppdraget ska kunna utföras korrekt.
- Ansvar för redovisningen: Som kund är du alltid juridiskt ansvarig för din redovisning. Tveka inte att ställa frågor vid oklarheter. Vi garanterar hög kvalitet på vårt arbete.
",,,,,,,,,,,,,,,,,❌ Lågrisk,#ERROR!
41,5566778889,2025-8-15 14:21,,25,Thomas betong AB,,,,,,,,,,,,,,Beskrivning av kunden,Risk & Compliance,Kundens uppgifter,070-2462921,annika@rydenredovisning.se,AB,,Thomas Karlsson,Sverige,"""Endast vid bokslut/deklaration, en gång per år""",,Gör betong-grejer. fdgkdjgdfkgbj sgjkdng rgjdgnd gdfgjdn,,,,,,2025-06-19 14:58,2025-6-19,Normal,"m,mjjjo",,,Bilhandel,ROT/RUT hantering,"Bristfälliga bokföringsrutiner,Transaktioner utan tydligt syfte","""Enkel struktur, lätt att få överblick på transaktionerna""",kjiuijjk,,,,,Inga betalningar med kontanter/betalkort,Inte PEP,Normala redovisningstjänster för företag,Långsiktigt (mer än fem år),,Nej,"Kapacitet att ta emot kunden,Kundkännedom har uppnåtts,Kunden bedöms som seriös,Kunskap nog att hjälpa kunden",checked,,,2025-6-19,,,,Månadsmoms (den 12e månaden efter perioden),,,,"Signering av detta avtal innebär godkännande av följande underbilagor:

1. Allmänna villkor
2. Personuppgiftsbiträdesavtal


Avtalet avser de tjänster som specificeras nedan, 
uppdragstagaren åtar sig att utföra de tjänster som anges. Uppdragsavtalet kan fortlöpande utökas eller ändras till sin omfattning efter båda parters godkännande.

För fullständiga villkor - se bilaga 2 Allmänna villkor. 
De viktigaste punkterna är:
- Löpande bokföring: Underlag skall lämnas senast 15 dagar efter periodens slut.
- Löneadministration: Underlag för löneberäkning och attest skall lämnas minst 7 dagar före löneutbetalning.
- Korrekt information: Uppdragsgivaren ansvarar för att alla upplysningar och anvisningar är korrekta och följer gällande lag.
- Fullständiga uppgifter: Uppdragsgivaren ska tillhandahålla samtliga uppgifter som krävs för att uppdraget ska kunna utföras korrekt.
- Ansvar för redovisningen: Som kund är du alltid juridiskt ansvarig för din redovisning. Tveka inte att ställa frågor vid oklarheter. Vi garanterar hög kvalitet på vårt arbete.
",,,,,,,,,,,,,,,,,❌ Lågrisk,#ERROR!
41,"55555
",2025-8-18 14:51,,25,Annika,,,,,,,,,,,,,,Beskrivning av kunden,Risk & Compliance,Kundens uppgifter,070-2462921,annika@rydenredovisning.se,AB,,Thomas Karlsson,Sverige,,-11,555,,"MOMS,Hantering av anläggningsregister och avskrivningar,Deklaration,AVSTÄMNING,Rådgivning,Löpande bokföring,Bajs","AVSTÄMNING,Löpande bokföring,lönehantering,Leverantörsreskontra","MOMS, Hantering av anläggningsregister och avskrivningar",,2025-07-14 14:41,,,,,,,,,,,,,,,Betalkort,Verklig huvudman/ombud är PEP,Normala redovisningstjänster för företag,Kortsiktigt,,Ja,"Kapacitet att ta emot kunden,Kundkännedom har uppnåtts,Kunden bedöms som seriös,Kunskap nog att hjälpa kunden",checked,,,2025-7-14,,,KYC_Thomas_Karlsson.pdf (https://v5.airtableusercontent.com/v3/u/44/44/1756310400000/eIUOylNsACeTZ6G3dBOUvA/_mDm_PpnOcBr-zp3jT72D5d8kbAGusCS7kXtiFft7lDpXSoL8gut82ZwV5eFFqcOX8eq0-MNwNCLJXvRuP9Oq6TKsUDXkk0JZiYrS8k0vx7B9ZxQCiS8n8jEFJEN_LyH9LRQFvUSDzyUtHEaelRh9kfC0QNCk4p07vGBLmXVRss4lcDk0PkLerh1fs6R6FYd/ooCRKL3jMx4gvQzTVD6ZxiP_arwrA50BpKBPdUdMmlo),,,,Deklaration_468815089.pdf (https://v5.airtableusercontent.com/v3/u/44/44/1756310400000/3_nfXLx1alaM0Q6dSQQr6w/vzIiVLqB3_Z7fRxtZT16R8PDdpuhEfRcSq5XLyqMbAFAt-MvDOnR0T0JSI8gapEWoX4xAfoch9_wTejUTTD-SgaiTj94SfOp_HQWrKJrmh0XAMabMbcn7EcXUEf7_TnIFnieqPmreCkPInt36ZihHT-0Q4gThZioRTKuLzftax4/1ea8lCqMr181xbHQkT2272A-4LPufKZKRczXobOTo40),"Signering av detta avtal innebär godkännande av följande underbilagor:

1. Allmänna villkor
2. Personuppgiftsbiträdesavtal


Avtalet avser de tjänster som specificeras nedan, 
uppdragstagaren åtar sig att utföra de tjänster som anges. Uppdragsavtalet kan fortlöpande utökas eller ändras till sin omfattning efter båda parters godkännande.

För fullständiga villkor - se bilaga 2 Allmänna villkor. 
De viktigaste punkterna är:
- Löpande bokföring: Underlag skall lämnas senast 15 dagar efter periodens slut.
- Löneadministration: Underlag för löneberäkning och attest skall lämnas minst 7 dagar före löneutbetalning.
- Korrekt information: Uppdragsgivaren ansvarar för att alla upplysningar och anvisningar är korrekta och följer gällande lag.
- Fullständiga uppgifter: Uppdragsgivaren ska tillhandahålla samtliga uppgifter som krävs för att uppdraget ska kunna utföras korrekt.
- Ansvar för redovisningen: Som kund är du alltid juridiskt ansvarig för din redovisning. Tveka inte att ställa frågor vid oklarheter. Vi garanterar hög kvalitet på vårt arbete.
",,,,,,,,,,,,,,,,,❌ Lågrisk,#ERROR!
41,5566,2025-8-15 14:21,,25,"Affären AB

",,,,,,,,,,,,,,Beskrivning av kunden,Risk & Compliance,Kundens uppgifter,070-2462921,annika@rydenredovisning.se,AB,,Thomas Karlsson,Sverige,Kvartalsvis,,ddd,,"MOMS,Hantering av anläggningsregister och avskrivningar,Deklaration,AVSTÄMNING,Rådgivning,Löpande bokföring","Deklaration,ROT/RUT,Kundreskontra,Leverantörsreskontra,ÅRSREDOVISNING","MOMS, Hantering av anläggningsregister och avskrivningar",,2025-07-14 14:55,,,,,,,,,,,,,,,Betalkort,Verklig huvudman/ombud är PEP,Avancerad rådgivning kring skatter,Kortsiktigt,,Ja,"Kapacitet att ta emot kunden,Kundkännedom har uppnåtts,Kunden bedöms som seriös,Kunskap nog att hjälpa kunden",checked,,,2025-7-14,,,,,,,,"Signering av detta avtal innebär godkännande av följande underbilagor:

1. Allmänna villkor
2. Personuppgiftsbiträdesavtal


Avtalet avser de tjänster som specificeras nedan, 
uppdragstagaren åtar sig att utföra de tjänster som anges. Uppdragsavtalet kan fortlöpande utökas eller ändras till sin omfattning efter båda parters godkännande.

För fullständiga villkor - se bilaga 2 Allmänna villkor. 
De viktigaste punkterna är:
- Löpande bokföring: Underlag skall lämnas senast 15 dagar efter periodens slut.
- Löneadministration: Underlag för löneberäkning och attest skall lämnas minst 7 dagar före löneutbetalning.
- Korrekt information: Uppdragsgivaren ansvarar för att alla upplysningar och anvisningar är korrekta och följer gällande lag.
- Fullständiga uppgifter: Uppdragsgivaren ska tillhandahålla samtliga uppgifter som krävs för att uppdraget ska kunna utföras korrekt.
- Ansvar för redovisningen: Som kund är du alltid juridiskt ansvarig för din redovisning. Tveka inte att ställa frågor vid oklarheter. Vi garanterar hög kvalitet på vårt arbete.
",,,,,,,,,,,,,,,,,❌ Lågrisk,#ERROR!
41,5566444,2025-8-15 14:21,,25,"Avgasar EF
",,,,,,,,,,,,,,Beskrivning av kunden,Risk & Compliance,Kundens uppgifter,070-2462921,annika@rydenredovisning.se,AB,,Thomas Karlsson,Sverige,"""Endast vid bokslut/deklaration, en gång per år""",,ddd,,"MOMS,Hantering av anläggningsregister och avskrivningar,Deklaration,AVSTÄMNING,Rådgivning,Löpande bokföring","Kundreskontra,Leverantörsreskontra,ÅRSREDOVISNING","MOMS, Hantering av anläggningsregister och avskrivningar",,2025-07-14 14:56,,,,,,,,,,,,,,,Inga betalningar med kontanter/betalkort,Inte PEP,Normala redovisningstjänster för företag,Kortsiktigt,,Ja,"Kapacitet att ta emot kunden,Kundkännedom har uppnåtts,Kunden bedöms som seriös,Kunskap nog att hjälpa kunden",checked,,,2025-7-14,,,,,,,,"Signering av detta avtal innebär godkännande av följande underbilagor:

1. Allmänna villkor
2. Personuppgiftsbiträdesavtal


Avtalet avser de tjänster som specificeras nedan, 
uppdragstagaren åtar sig att utföra de tjänster som anges. Uppdragsavtalet kan fortlöpande utökas eller ändras till sin omfattning efter båda parters godkännande.

För fullständiga villkor - se bilaga 2 Allmänna villkor. 
De viktigaste punkterna är:
- Löpande bokföring: Underlag skall lämnas senast 15 dagar efter periodens slut.
- Löneadministration: Underlag för löneberäkning och attest skall lämnas minst 7 dagar före löneutbetalning.
- Korrekt information: Uppdragsgivaren ansvarar för att alla upplysningar och anvisningar är korrekta och följer gällande lag.
- Fullständiga uppgifter: Uppdragsgivaren ska tillhandahålla samtliga uppgifter som krävs för att uppdraget ska kunna utföras korrekt.
- Ansvar för redovisningen: Som kund är du alltid juridiskt ansvarig för din redovisning. Tveka inte att ställa frågor vid oklarheter. Vi garanterar hög kvalitet på vårt arbete.
",,,,,,,,,,,,,,,,,❌ Lågrisk,#ERROR!
41,"22533
",2025-8-15 16:17,,25,Annika,,,,,,,,,,,,,,Beskrivning av kunden,Risk & Compliance,Kundens uppgifter,070-2462921,annika@rydenredovisning.se,AB,,Thomas Karlsson,Sverige,Kvartalsvis,,50,,"MOMS,Hantering av anläggningsregister och avskrivningar,Deklaration,AVSTÄMNING,Rådgivning,Löpande bokföring","Hantering av anläggningsregister och avskrivningar,Deklaration,AVSTÄMNING,Rådgivning,Löpande bokföring","MOMS, Hantering av anläggningsregister och avskrivningar",Hantering av anläggningsregister och avskrivningar,2025-07-14 15:01,,,,,,,,,,,,,,,Betalkort,Närstående är PEP,Avancerad rådgivning kring skatter,Långsiktigt (mer än fem år),,Ja,"Kapacitet att ta emot kunden,Kundkännedom har uppnåtts,Kunden bedöms som seriös,Kunskap nog att hjälpa kunden",checked,,,2025-7-14,,,,,,,,"Signering av detta avtal innebär godkännande av följande underbilagor:

1. Allmänna villkor
2. Personuppgiftsbiträdesavtal


Avtalet avser de tjänster som specificeras nedan, 
uppdragstagaren åtar sig att utföra de tjänster som anges. Uppdragsavtalet kan fortlöpande utökas eller ändras till sin omfattning efter båda parters godkännande.

För fullständiga villkor - se bilaga 2 Allmänna villkor. 
De viktigaste punkterna är:
- Löpande bokföring: Underlag skall lämnas senast 15 dagar efter periodens slut.
- Löneadministration: Underlag för löneberäkning och attest skall lämnas minst 7 dagar före löneutbetalning.
- Korrekt information: Uppdragsgivaren ansvarar för att alla upplysningar och anvisningar är korrekta och följer gällande lag.
- Fullständiga uppgifter: Uppdragsgivaren ska tillhandahålla samtliga uppgifter som krävs för att uppdraget ska kunna utföras korrekt.
- Ansvar för redovisningen: Som kund är du alltid juridiskt ansvarig för din redovisning. Tveka inte att ställa frågor vid oklarheter. Vi garanterar hög kvalitet på vårt arbete.
",,,,,,,,,,,,,,,,,❌ Lågrisk,#ERROR!
41,0,2025-8-15 16:17,,25,Annika,,,,,,,,,,,,,,Beskrivning av kunden,Risk & Compliance,Kundens uppgifter,070-2462921,annika@rydenredovisning.se,AB,,Thomas Karlsson,Sverige,,0,fg,,"MOMS,Hantering av anläggningsregister och avskrivningar,Deklaration,AVSTÄMNING,Rådgivning,Löpande bokföring","Hantering av anläggningsregister och avskrivningar,Deklaration,AVSTÄMNING,Rådgivning,Löpande bokföring","MOMS, Hantering av anläggningsregister och avskrivningar",Hantering av anläggningsregister och avskrivningar,2025-07-14 15:04,,,,,,,,,,,,,,,Betalkort,Närstående är PEP,Normala redovisningstjänster för företag,Kortsiktigt,,Ja,"Kapacitet att ta emot kunden,Kundkännedom har uppnåtts,Kunden bedöms som seriös,Kunskap nog att hjälpa kunden",checked,,,2025-7-14,,,,,,,,"Signering av detta avtal innebär godkännande av följande underbilagor:

1. Allmänna villkor
2. Personuppgiftsbiträdesavtal


Avtalet avser de tjänster som specificeras nedan, 
uppdragstagaren åtar sig att utföra de tjänster som anges. Uppdragsavtalet kan fortlöpande utökas eller ändras till sin omfattning efter båda parters godkännande.

För fullständiga villkor - se bilaga 2 Allmänna villkor. 
De viktigaste punkterna är:
- Löpande bokföring: Underlag skall lämnas senast 15 dagar efter periodens slut.
- Löneadministration: Underlag för löneberäkning och attest skall lämnas minst 7 dagar före löneutbetalning.
- Korrekt information: Uppdragsgivaren ansvarar för att alla upplysningar och anvisningar är korrekta och följer gällande lag.
- Fullständiga uppgifter: Uppdragsgivaren ska tillhandahålla samtliga uppgifter som krävs för att uppdraget ska kunna utföras korrekt.
- Ansvar för redovisningen: Som kund är du alltid juridiskt ansvarig för din redovisning. Tveka inte att ställa frågor vid oklarheter. Vi garanterar hög kvalitet på vårt arbete.
",,,,,,,,,,,,,,,,,❌ Lågrisk,#ERROR!
43,5566778889,2025-8-15 14:21,,51,Thomas betong AB,,,,,,,,,,,,,,Beskrivning av kunden,Risk & Compliance,Kundens uppgifter,070-2462921,annika@rydenredovisning.se,AB,,Thomas Karlsson,Annat land,"""Behovsbaserat (t ex rådgivning, tillfälliga uppdrag)""",,Pewall AB bygger hemsidor till andra småföretag. Gör ocksp microcement. Bara ägaren är anställd,,"lönehantering,Löpande bokföring,Kundreskontra,Rådgivning,Moms,Årsredovisning","Utföra betalningsuppdrag,AVSTÄMNING,Deklaration,Rådgivning,ROT/RUT-hantering,Upprätta kontrollbalansräkning",Moms,,2025-07-24 14:37,2025-7-24,,,,,,,,,,,,,,Inga betalningar med kontanter/betalkort,Inte PEP,Avancerad rådgivning kring skatter,Kortsiktigt,,Nej,"Kapacitet att ta emot kunden,Kundkännedom har uppnåtts,Kunden bedöms som seriös,Kunskap nog att hjälpa kunden",checked,,,2025-7-24,,,,,,,,"Signering av detta avtal innebär godkännande av följande underbilagor:

1. Allmänna villkor
2. Personuppgiftsbiträdesavtal


Avtalet avser de tjänster som specificeras nedan, 
uppdragstagaren åtar sig att utföra de tjänster som anges. Uppdragsavtalet kan fortlöpande utökas eller ändras till sin omfattning efter båda parters godkännande.

För fullständiga villkor - se bilaga 2 Allmänna villkor. 
De viktigaste punkterna är:
- Löpande bokföring: Underlag skall lämnas senast 15 dagar efter periodens slut.
- Löneadministration: Underlag för löneberäkning och attest skall lämnas minst 7 dagar före löneutbetalning.
- Korrekt information: Uppdragsgivaren ansvarar för att alla upplysningar och anvisningar är korrekta och följer gällande lag.
- Fullständiga uppgifter: Uppdragsgivaren ska tillhandahålla samtliga uppgifter som krävs för att uppdraget ska kunna utföras korrekt.
- Ansvar för redovisningen: Som kund är du alltid juridiskt ansvarig för din redovisning. Tveka inte att ställa frågor vid oklarheter. Vi garanterar hög kvalitet på vårt arbete.
",,,,,,,,,,,,,,,,,❌ Lågrisk,#ERROR!
42,5566778889,2025-8-15 14:21,,35,Annika Rydén,,,,,,,,,,,,,,Beskrivning av kunden,Risk & Compliance,Kundens uppgifter,,annika@rydenredovisning.se,AB,,Thomas Karlsson,Annat land,"""Behovsbaserat (t ex rådgivning, tillfälliga uppdrag)""",4,test,,"Löpande bokföring,Rådgivning,Inlämning periodisk sammanställning,Hantering av anläggningsregister och avskrivningar,Kundreskontra,Moms,ROT/RUT-hantering,Leverantörsreskontra,Utföra betalningsuppdrag,Avstämning,lönehantering,Årsredovisning,Upprätta kontrollbalansräkning,Deklaration",,"Hantering av anläggningsregister och avskrivningar, Moms, ROT/RUT-hantering, Utföra betalningsuppdrag",,,2025-7-31,hög,test,,dfgdfgdhg,Bemanning,,Otydlig affärsmodell,"""Enkel struktur, lätt att få överblick på transaktionerna""",,,,,,Inga betalningar med kontanter/betalkort,Närstående är PEP,Normala redovisningstjänster för företag,Långsiktigt (mer än fem år),,Ja,"Kapacitet att ta emot kunden,Kundkännedom har uppnåtts,Kunden bedöms som seriös,Kunskap nog att hjälpa kunden",checked,,,2025-7-31,,,,,,,,"Signering av detta avtal innebär godkännande av följande underbilagor:

1. Allmänna villkor
2. Personuppgiftsbiträdesavtal


Avtalet avser de tjänster som specificeras nedan, 
uppdragstagaren åtar sig att utföra de tjänster som anges. Uppdragsavtalet kan fortlöpande utökas eller ändras till sin omfattning efter båda parters godkännande.

För fullständiga villkor - se bilaga 2 Allmänna villkor. 
De viktigaste punkterna är:
- Löpande bokföring: Underlag skall lämnas senast 15 dagar efter periodens slut.
- Löneadministration: Underlag för löneberäkning och attest skall lämnas minst 7 dagar före löneutbetalning.
- Korrekt information: Uppdragsgivaren ansvarar för att alla upplysningar och anvisningar är korrekta och följer gällande lag.
- Fullständiga uppgifter: Uppdragsgivaren ska tillhandahålla samtliga uppgifter som krävs för att uppdraget ska kunna utföras korrekt.
- Ansvar för redovisningen: Som kund är du alltid juridiskt ansvarig för din redovisning. Tveka inte att ställa frågor vid oklarheter. Vi garanterar hög kvalitet på vårt arbete.
",,,,,,,,,,,,,,,,,❌ Lågrisk,#ERROR!
42,5590894589,2025-8-15 14:21,aktiv,35,Suhner International AB,,,,,,,,,,,,,,Beskrivning av kunden,Risk & Compliance,Kundens uppgifter,Field 9,Field 10,AB,Field 12,Alexandra Suhner,Sverige,Kvartalsvis,8,,,"Löpande bokföring,Rådgivning,Inlämning periodisk sammanställning,Hantering av anläggningsregister och avskrivningar,Kundreskontra,Moms,ROT/RUT-hantering,Leverantörsreskontra,Utföra betalningsuppdrag,Avstämning,lönehantering,Årsredovisning,Upprätta kontrollbalansräkning,Deklaration",,"Hantering av anläggningsregister och avskrivningar, Moms, ROT/RUT-hantering, Utföra betalningsuppdrag",,,,,,,,,,,,,,,,,,,,,,,"Kapacitet att ta emot kunden,Kundkännedom har uppnåtts,Kunden bedöms som seriös,Kunskap nog att hjälpa kunden",checked,,,2025-8-1,,,,,,,,,,,,,,,,,,,,,,,,,❌ Lågrisk,#ERROR!
42,5591059034,2025-8-15 14:21,aktiv,35,Övra Källehult gård AB,,,,,,,,,,,,,,Beskrivning av kunden,Risk & Compliance,Kundens uppgifter,070-9408338,tobias_andersson79@live.se,AB,,Tobias Andersson,Sverige,Kvartalsvis,5,,,"Löpande bokföring,Rådgivning,Inlämning periodisk sammanställning,Hantering av anläggningsregister och avskrivningar,Kundreskontra,Moms,ROT/RUT-hantering,Leverantörsreskontra,Utföra betalningsuppdrag,Avstämning,lönehantering,Årsredovisning,Upprätta kontrollbalansräkning,Deklaration",,"Hantering av anläggningsregister och avskrivningar, Moms, ROT/RUT-hantering, Utföra betalningsuppdrag",,,,,,,,,,,,,,,,,,,,,,,"Kapacitet att ta emot kunden,Kundkännedom har uppnåtts,Kunden bedöms som seriös,Kunskap nog att hjälpa kunden",checked,,,2025-8-1,,,,,,,,,,,,,,,,,,,,,,,,,❌ Lågrisk,#ERROR!
42,9012230083,2025-8-15 14:21,aktiv,35,Jessica Engell Cremen,,,,,,,,,,,,,,Beskrivning av kunden,Risk & Compliance,Kundens uppgifter,,jessicaengellcremen@live.com,EF,,Jessica Engell Cremen,Sverige,Årligen,2,,,"Löpande bokföring,Rådgivning,Inlämning periodisk sammanställning,Hantering av anläggningsregister och avskrivningar,Kundreskontra,Moms,ROT/RUT-hantering,Leverantörsreskontra,Utföra betalningsuppdrag,Avstämning,lönehantering,Årsredovisning,Upprätta kontrollbalansräkning,Deklaration",,"Hantering av anläggningsregister och avskrivningar, Moms, ROT/RUT-hantering, Utföra betalningsuppdrag",,,,,,,,,,,,,,,,,,,,,,,"Kapacitet att ta emot kunden,Kundkännedom har uppnåtts,Kunden bedöms som seriös,Kunskap nog att hjälpa kunden",checked,,,2025-8-1,,,,,,,,,,,,,,,,,,,,,,,,,❌ Lågrisk,#ERROR!
42,5564943065,2025-8-15 14:21,aktiv,35,ENA Operations AB,,,,,,,,,,,,,,Beskrivning av kunden,Risk & Compliance,Kundens uppgifter,0470-10980,inbox.lev.1064170@arkivplats.se,AB,,Åza Brennander,Sverige,Kvartalsvis,10,,,"Löpande bokföring,Rådgivning,Inlämning periodisk sammanställning,Hantering av anläggningsregister och avskrivningar,Kundreskontra,Moms,ROT/RUT-hantering,Leverantörsreskontra,Utföra betalningsuppdrag,Avstämning,lönehantering,Årsredovisning,Upprätta kontrollbalansräkning,Deklaration",,"Hantering av anläggningsregister och avskrivningar, Moms, ROT/RUT-hantering, Utföra betalningsuppdrag",,,,,,,,,,,,,,,,,,,,,,,"Kapacitet att ta emot kunden,Kundkännedom har uppnåtts,Kunden bedöms som seriös,Kunskap nog att hjälpa kunden",checked,,,2025-8-1,,,,,,,,,,,,,,,,,,,,,,,,,❌ Lågrisk,#ERROR!
42,5591771612,2025-8-15 14:21,aktiv,35,Eva Söderholm AB,,,,,,,,,,,,,,Beskrivning av kunden,Risk & Compliance,Kundens uppgifter,,,AB,,Eva Söderholm,Sverige,Kvartalsvis,5,,,"Löpande bokföring,Rådgivning,Inlämning periodisk sammanställning,Hantering av anläggningsregister och avskrivningar,Kundreskontra,Moms,ROT/RUT-hantering,Leverantörsreskontra,Utföra betalningsuppdrag,Avstämning,lönehantering,Årsredovisning,Upprätta kontrollbalansräkning,Deklaration",,"Hantering av anläggningsregister och avskrivningar, Moms, ROT/RUT-hantering, Utföra betalningsuppdrag",,,,,,,,,,,,,,,,,,,,,,,"Kapacitet att ta emot kunden,Kundkännedom har uppnåtts,Kunden bedöms som seriös,Kunskap nog att hjälpa kunden",checked,,,2025-8-1,,,,,,,,,,,,,,,,,,,,,,,,,❌ Lågrisk,#ERROR!
42,8608172717,2025-8-15 14:21,aktiv,35,John Herrlin,,,,,,,,,,,,,,Beskrivning av kunden,Risk & Compliance,Kundens uppgifter,,jherrlin@gmail.com,EF,,John Herrlin,Sverige,Årligen,2,,,"Löpande bokföring,Rådgivning,Inlämning periodisk sammanställning,Hantering av anläggningsregister och avskrivningar,Kundreskontra,Moms,ROT/RUT-hantering,Leverantörsreskontra,Utföra betalningsuppdrag,Avstämning,lönehantering,Årsredovisning,Upprätta kontrollbalansräkning,Deklaration",,"Hantering av anläggningsregister och avskrivningar, Moms, ROT/RUT-hantering, Utföra betalningsuppdrag",,,,,,,,,,,,,,,,,,,,,,,"Kapacitet att ta emot kunden,Kundkännedom har uppnåtts,Kunden bedöms som seriös,Kunskap nog att hjälpa kunden",checked,,,2025-8-1,,,,,,,,,,,,,,,,,,,,,,,,,❌ Lågrisk,#ERROR!
42,5111193511,2025-8-15 14:21,aktiv,35,LEIF PERSSON,,,,,,,,,,,,,,Beskrivning av kunden,Risk & Compliance,Kundens uppgifter,,leifperssonhem@gmail.com,EF,,LEIF PERSSON,Sverige,Årligen,5,,,"Löpande bokföring,Rådgivning,Inlämning periodisk sammanställning,Hantering av anläggningsregister och avskrivningar,Kundreskontra,Moms,ROT/RUT-hantering,Leverantörsreskontra,Utföra betalningsuppdrag,Avstämning,lönehantering,Årsredovisning,Upprätta kontrollbalansräkning,Deklaration",,"Hantering av anläggningsregister och avskrivningar, Moms, ROT/RUT-hantering, Utföra betalningsuppdrag",,,,,,,,,,,,,,,,,,,,,,,"Kapacitet att ta emot kunden,Kundkännedom har uppnåtts,Kunden bedöms som seriös,Kunskap nog att hjälpa kunden",checked,,,2025-8-1,,,,,,,,,,,,,,,,,,,,,,,,,❌ Lågrisk,#ERROR!
42,5592988686,2025-8-15 15:02,aktiv,35,Samfraktlogistik Sweden AB,2024-08-12,,,,,,,,"Järnvägsgatan 23,36256Ryd",,samfraktlogistik@hotmail.com,Företaget ska jobba med logistik och spedition både nationell och internationellt.,52290 - Övriga stödtjänster till transport,Beskrivning av kunden,Risk & Compliance,Kundens uppgifter,,maria.arnstrom@gmail.com,AB - Privat svenskt utan koncern,,"Per Erik Nicklas Svensson,Per Erik Nicklas Svensson,Zandra Svensson,Zandra Svensson",Sverige,Årligen,5,,,"Löpande bokföring,Rådgivning,Inlämning periodisk sammanställning,Hantering av anläggningsregister och avskrivningar,Kundreskontra,Moms,ROT/RUT-hantering,Leverantörsreskontra,Utföra betalningsuppdrag,Avstämning,lönehantering,Årsredovisning,Upprätta kontrollbalansräkning,Deklaration",,"Hantering av anläggningsregister och avskrivningar, Moms, ROT/RUT-hantering, Utföra betalningsuppdrag",,,,,,,,,,,,,,,,,,,,,,,"Kapacitet att ta emot kunden,Kundkännedom har uppnåtts,Kunden bedöms som seriös,Kunskap nog att hjälpa kunden",checked,Övriga stödtjänster till transport,,2025-8-1,,,,,,,,,,: ,2024: 500 - 749 tkr,,,,,,,,,,,,,,,Lågrisk
42,5591861579,2025-8-15 14:21,aktiv,35,Swedish Bee Company,,,,,,,,,,,,,,Beskrivning av kunden,Risk & Compliance,Kundens uppgifter,,,AB,,Mats Olofsson,Sverige,,,,,"Löpande bokföring,Rådgivning,Inlämning periodisk sammanställning,Hantering av anläggningsregister och avskrivningar,Kundreskontra,Moms,ROT/RUT-hantering,Leverantörsreskontra,Utföra betalningsuppdrag,Avstämning,lönehantering,Årsredovisning,Upprätta kontrollbalansräkning,Deklaration",,"Hantering av anläggningsregister och avskrivningar, Moms, ROT/RUT-hantering, Utföra betalningsuppdrag",,,,,,,,,,,,,,,,,,,,,,,"Kapacitet att ta emot kunden,Kundkännedom har uppnåtts,Kunden bedöms som seriös,Kunskap nog att hjälpa kunden",checked,,,2025-8-1,,,,,,,,,,,,,,,,,,,,,,,,,❌ Lågrisk,#ERROR!
42,,2025-8-15 14:21,aktiv,35,Reinout De Vries,,,,,,,,,,,,,,Beskrivning av kunden,Risk & Compliance,Kundens uppgifter,,,EF,,Reinout De Vries,Sverige,,,,,"Löpande bokföring,Rådgivning,Inlämning periodisk sammanställning,Hantering av anläggningsregister och avskrivningar,Kundreskontra,Moms,ROT/RUT-hantering,Leverantörsreskontra,Utföra betalningsuppdrag,Avstämning,lönehantering,Årsredovisning,Upprätta kontrollbalansräkning,Deklaration",,"Hantering av anläggningsregister och avskrivningar, Moms, ROT/RUT-hantering, Utföra betalningsuppdrag",,,,,,,,,,,,,,,,,,,,,,,"Kapacitet att ta emot kunden,Kundkännedom har uppnåtts,Kunden bedöms som seriös,Kunskap nog att hjälpa kunden",checked,,,2025-8-1,,,,,,,,,,,,,,,,,,,,,,,,,❌ Lågrisk,#ERROR!
42 copy copy copy copy copy,"5593473902
",2025-8-15 14:32,,35,Redovisningsbyrån Rydén & Co AB,,,,,,,,,"Klövervägen 41,34138Ljungby",,"annika@operandi.nu,Annika@rydenredovisning.se,hej@rydenredovisning.se",Företaget bedriver konsultverksamhet inom ekonomisk rådgivning och redovisning.,69201 - Redovisning och bokföring,Beskrivning av kunden,Risk & Compliance,Kundens uppgifter,,annika@rydenredovisning.se,Privat svenskt utan koncern,,"Annika Rydén,Annika Rydén,Torgny Rydén",Sverige,"""Endast vid bokslut/deklaration, en gång per år""",10,Handlar med värdepapper på reglerad marknad,,,,,,,2025-8-5,låg,sdgdfg,,fdgdgdgh,Bolagsbildning,,Bristfälliga bokföringsrutiner,"""Enkel struktur, lätt att få överblick på transaktionerna""",,,,,,Betalkort,Inte PEP,Normala redovisningstjänster för företag,Kortsiktigt,,Ja,"Kapacitet att ta emot kunden,Kundkännedom har uppnåtts,Kunden bedöms som seriös,Kunskap nog att hjälpa kunden",checked,Redovisning och bokföring,,2025-8-5,,,,,,,,,,annualReportDiscrepanciesÅrsstämman måste hållas inom sex månader från räkenskapsårets slut dvs 2025-06-30 men hölls 2025-07-22 vilket är 22 dagar för sent.,2024500 - 749 tkr,,,,,,,,,,,,,,69201,Högrisk
42 copy copy copy copy copy copy copy copy copy copy,"5593274185


",2025-8-15 14:21,,35,BeRa i Sverige AB,,,,,,,,,,,,,,Beskrivning av kunden,Risk & Compliance,Kundens uppgifter,,annika@rydenredovisning.se,Privat svenskt utan koncern,,"Daniel Berg,Daniel Berg,Robin Ralph,Robin Ralph",Sverige,"""Endast vid bokslut/deklaration, en gång per år""",10,Handlar med värdepapper på reglerad marknad,,,,,,,2025-8-5,låg,sdgdfg,,fdgdgdgh,Bolagsbildning,,Bristfälliga bokföringsrutiner,"""Enkel struktur, lätt att få överblick på transaktionerna""",,,,,,Betalkort,Inte PEP,Normala redovisningstjänster för företag,Kortsiktigt,,Ja,"Kapacitet att ta emot kunden,Kundkännedom har uppnåtts,Kunden bedöms som seriös,Kunskap nog att hjälpa kunden",checked,"Postorderhandel och detaljhandel på Internet med övriga varor,Postorderhandel och detaljhandel på Internet med brett sortiment,Postorderhandel och detaljhandel på Internet med beklädnadsvaror,Postorderhandel och detaljhandel på Internet med datorer och annan elektronisk utrustning,Postorderhandel och detaljhandel på Internet med bosättningsvaror",,2025-8-5,,,,,,,,,,,,,,,,,,,,,,,,,❌ Lågrisk,#ERROR!
47,559492-5413,2025-8-15 15:02,,69,Samfraktlogistik Sweden AB,,"Per Erik Nicklas Svensson,Zandra Svensson",,"Per Erik Nicklas Svensson, Zandra Svensson","STYRELSESUPPLEANT, STYRELSELEDAMOT","5592988686, 5592988686","198104132777, 198103252485",,"Järnvägsgatan 23,36256Ryd",,samfraktlogistik@hotmail.com,Företaget ska jobba med logistik och spedition både nationell och internationellt.,52290 - Övriga stödtjänster till transport,Beskrivning av kunden,Risk & Compliance,Kundens uppgifter,,,Privat svenskt utan koncern,,"Per Erik Nicklas Svensson,Per Erik Nicklas Svensson,Zandra Svensson,Zandra Svensson",Sverige,"""Endast vid bokslut/deklaration, en gång per år""",,,,"Inlämning periodisk sammanställning,Leverantörsreskontra,Avstämning,Utföra betalningsuppdrag,Rådgivning,lönehantering,Hantering av anläggningsregister och avskrivningar,Moms,ROT/RUT-hantering,Upprätta kontrollbalansräkning,Årsredovisning,Löpande bokföring,Deklaration,Kundreskontra",,"Utföra betalningsuppdrag, Hantering av anläggningsregister och avskrivningar, Moms, ROT/RUT-hantering",,,,,,,,,,,,,,,,,,,,,,,"Kapacitet att ta emot kunden,Kundkännedom har uppnåtts,Kunden bedöms som seriös,Kunskap nog att hjälpa kunden",checked,Övriga stödtjänster till transport,,2025-8-7,,,,,,,,,,: ,2024: 500 - 749 tkr,,,,,,,,,,,,,,,Lågrisk
42,5501013904,2025-8-15 15:02,,35,Samfraktlogistik Sweden AB,2024-08-12,<p><b>STYRELSESUPPLEANT</b> - Per Erik Nicklas Svensson (198104132777)  </p><p><b>VICE VERKSTÄLLANDE DIREKTÖR</b> - Per Erik Nicklas Svensson (198104132777) </p> <p><b>STYRELSELEDAMOT</b> - Zandra Svensson (198103252485) </p><p> <b>VERKSTÄLLANDE DIREKTÖR</b> - Zandra Svensson (198103252485)</p>,,<p><b>STYRELSESUPPLEANT</b> - Per Erik Nicklas Svensson (198104132777)  </p><p><b>VICE VERKSTÄLLANDE DIREKTÖR</b> - Per Erik Nicklas Svensson (198104132777) </p> <p><b>STYRELSELEDAMOT</b> - Zandra Svensson (198103252485) </p><p> <b>VERKSTÄLLANDE DIREKTÖR</b> - Zandra Svensson (198103252485)</p>,,,,,"Järnvägsgatan 23,36256Ryd",,samfraktlogistik@hotmail.com,Företaget ska jobba med logistik och spedition både nationell och internationellt.,52290 - Övriga stödtjänster till transport,Beskrivning av kunden,Risk & Compliance,Kundens uppgifter,,,AB - Privat svenskt utan koncern,,"Per Erik Nicklas Svensson,Per Erik Nicklas Svensson,Zandra Svensson,Zandra Svensson",Sverige,"""Endast vid bokslut/deklaration, en gång per år""",,,,"Löpande bokföring,Rådgivning,Inlämning periodisk sammanställning,Hantering av anläggningsregister och avskrivningar,Kundreskontra,Moms,ROT/RUT-hantering,Leverantörsreskontra,Utföra betalningsuppdrag,Avstämning,lönehantering,Årsredovisning,Upprätta kontrollbalansräkning,Deklaration",,"Hantering av anläggningsregister och avskrivningar, Moms, ROT/RUT-hantering, Utföra betalningsuppdrag",,,,,,,,,,,,,,,,,,,,,,,"Kapacitet att ta emot kunden,Kundkännedom har uppnåtts,Kunden bedöms som seriös,Kunskap nog att hjälpa kunden",checked,Övriga stödtjänster till transport,,2025-8-7,,,,,,,,,,"suspectedForQuickLiquidation,suspectedForQuickLiquidation,annualReportDiscrepancies: Bolaget har överskridit tröskelvärden för revisionsplikt tre år i sträck och har således revisionsplikt.",2024: 500 - 749 tkr,Firman tecknas av styrelsen Firman tecknas var för sig av >ledamoten >suppleanten,,,,,,,,,,,,,,Lågrisk
42,5592385982,2025-8-15 15:02,,35,Operandi AB,,<p><b>Annika Rydén</b>  STYRELSELEDAMOT  </p><p><b>Torgny Rydén</b>  STYRELSESUPPLEANT  </p> <p><b></b> -   </p><p> <b></b>  </p>,,<p><b>Annika Rydén</b>  STYRELSELEDAMOT  </p><p><b>Torgny Rydén</b>  STYRELSESUPPLEANT  </p> <p><b></b> -   </p><p> <b></b>  </p>,,,,,"Klövervägen 41,3413834138",,Annika@operandi.nu,Företaget bedriver konsultverksamhet inom ekonomisk rådgivning.,"70220,74101 - Konsultverksamhet avseende företags organisation,Industri- och produktdesignverksamhet",Beskrivning av kunden,Risk & Compliance,Kundens uppgifter,,,AB - Privat svenskt utan koncern,,"<p> <b>Annika Rydén</b> </p> Personen har kontroll genom aktier, andelar, medlemskap, avtal eller bestämmelse i exempelvis bolagsordning eller stadgar. 100 %<p> <b></b>  </p><p> <b></b>  </p>",Sverige,"""Endast vid bokslut/deklaration, en gång per år""",,,,"Löpande bokföring,Rådgivning,Inlämning periodisk sammanställning,Hantering av anläggningsregister och avskrivningar,Kundreskontra,Moms,ROT/RUT-hantering,Leverantörsreskontra,Utföra betalningsuppdrag,Avstämning,lönehantering,Årsredovisning,Upprätta kontrollbalansräkning,Deklaration",,"Hantering av anläggningsregister och avskrivningar, Moms, ROT/RUT-hantering, Utföra betalningsuppdrag",,,,,,,,,,,,,,,,,,,,,,,"Kapacitet att ta emot kunden,Kundkännedom har uppnåtts,Kunden bedöms som seriös,Kunskap nog att hjälpa kunden",checked,,,2025-8-8,,,,,,,,,,<p><b>50/250</b></p><p>annualReportDiscrepancies</p><p>Årsstämman måste hållas inom sex månader från räkenskapsårets slut dvs 2025-06-30 men hölls 2025-07-22 vilket är 22 dagar för sent.</p>,2023< 1 tkr,Firman tecknas av styrelsen,,,,,,,,,,,,,,Lågrisk
42,556810XXXX,2025-8-15 14:32,,35,Skumma Affärer AB,2024-08-07,<p><b>Fredrik Pierre Roger Jonsson</b>  REVISOR  </p><p><b>Yanhang Hu</b>  HUVUDANSVARIG REVISOR  </p> <p><b>Anna Mossberg</b>  STYRELSELEDAMOT  </p><p> <b>Hanna Fager</b> EXTERN FIRMATECKNARE (EJ STYRELSEMEDLEM) </p><p><b>Håkan Samuelsson</b>  STYRELSELEDAMOT  </p>  <p><b>Håkan Samuelsson</b>  STYRELSELEDAMOT  </p> <p><b>Donghui Li</b>  ORDFÖRANDE  </p> <p><b>Fredrik Hansson</b>   VERKSTÄLLANDE DIREKTÖR </p>,<p><b>STYRELSELEDAMOT</b> Förnamn Efternamn</p><p><b>STYRELSESUPPLEANT</b> Fru Efternamn</p>,<p><b>Fredrik Pierre Roger Jonsson</b>  REVISOR  </p><p><b>Yanhang Hu</b>  HUVUDANSVARIG REVISOR  </p> <p><b>Anna Mossberg</b>  STYRELSELEDAMOT  </p><p> <b>Hanna Fager</b> EXTERN FIRMATECKNARE (EJ STYRELSEMEDLEM) </p><p><b>Håkan Samuelsson</b>  STYRELSELEDAMOT  </p>  <p><b>Håkan Samuelsson</b>  STYRELSELEDAMOT  </p> <p><b>Donghui Li</b>  ORDFÖRANDE  </p> <p><b>Fredrik Hansson</b>   VERKSTÄLLANDE DIREKTÖR </p>,,,,,"Mörka gränden18, 666 99 Stadstaden",070-246 29 XX,knark@darknet.se,Bolagets syfte är att erbjuda konsumenter frihet att köpa knark utan att åka fast.,46770 Skrothandel,Beskrivning av kunden,Risk & Compliance,Kundens uppgifter,,,AB - Privat svenskt utan koncern,,Saknas,Sverige,"""Endast vid bokslut/deklaration, en gång per år""",10,"Kunden köper in div skrot och gamla maskiner, tex truckar, värmepumpar och renoverar eller säljer delar. Inköp sker ibland genom faktura mot företag men ibland bara mot kvittens jäntemot privatpersoner. ",,"Löpande bokföring,Rådgivning,Inlämning periodisk sammanställning,Hantering av anläggningsregister och avskrivningar,Kundreskontra,Moms,ROT/RUT-hantering,Leverantörsreskontra,Utföra betalningsuppdrag,Avstämning,lönehantering,Årsredovisning,Upprätta kontrollbalansräkning,Deklaration","Löpande bokföring,Rådgivning,Inlämning periodisk sammanställning,Hantering av anläggningsregister och avskrivningar,Kundreskontra,Moms,Leverantörsreskontra,Avstämning,lönehantering,Årsredovisning,Upprätta kontrollbalansräkning,Deklaration","Hantering av anläggningsregister och avskrivningar, Moms, ROT/RUT-hantering, Utföra betalningsuppdrag","Hantering av anläggningsregister och avskrivningar, Moms",2025-08-10 11:40,2025-8-10,hög,"Kunden har flera riskhöjande faktorer, den anlitar oss osckså för tjänster vi bedömt har en hög inneboende risk att utnyttjas för penningtvätt. ",,,,,,,,,,,,,,,,,,"Kapacitet att ta emot kunden,Kundkännedom har uppnåtts,Kunden bedöms som seriös,Kunskap nog att hjälpa kunden",checked,46770,,2025-8-8,,,,,,,,,,Bolaget har överskridit tröskelvärden för revisionsplikt tre år i sträck och har således revisionsplikt.,2024 : < 1 tkr,Firman tecknas av styrelsen.,,,,,,,,,,,,,46770,Högrisk
42,556012****,2025-8-15 15:02,,35,Aktiebolaget Fina Firman,2023-01-07,<p><b>Fredrik Pierre Roger Jonsson</b>  REVISOR  </p><p><b>Yanhang Hu</b>  HUVUDANSVARIG REVISOR  </p> <p><b>Anna Mossberg</b>  STYRELSELEDAMOT  </p><p> <b>Hanna Fager</b> EXTERN FIRMATECKNARE (EJ STYRELSEMEDLEM) </p><p><b>Håkan Samuelsson</b>  STYRELSELEDAMOT  </p>  <p><b>Håkan Samuelsson</b>  STYRELSELEDAMOT  </p> <p><b>Donghui Li</b>  ORDFÖRANDE  </p> <p><b>Fredrik Hansson</b>   VERKSTÄLLANDE DIREKTÖR </p>,<p><b>STYRELSELEDAMOT</b> Namn Namnsson</p><p><b>STYRELSESUPPLEANT</b> Herr Efternamn</p>,<p><b>Fredrik Pierre Roger Jonsson</b>  REVISOR  </p><p><b>Yanhang Hu</b>  HUVUDANSVARIG REVISOR  </p> <p><b>Anna Mossberg</b>  STYRELSELEDAMOT  </p><p> <b>Hanna Fager</b> EXTERN FIRMATECKNARE (EJ STYRELSEMEDLEM) </p><p><b>Håkan Samuelsson</b>  STYRELSELEDAMOT  </p>  <p><b>Håkan Samuelsson</b>  STYRELSELEDAMOT  </p> <p><b>Donghui Li</b>  ORDFÖRANDE  </p> <p><b>Fredrik Hansson</b>   VERKSTÄLLANDE DIREKTÖR </p>,,,,,"Byavägen 13, 399 99 Stadstaden",070-246 29 XX,hej@clientflow.se,"Bolaget skall - direkt eller genom dotterbolag - bedriva verksamhet företrädesvis inom affärsområdena transportmedel, livsmedel, energi och finans (dock ej verksamhet som stadgas i lagarna om bankrörelse och kreditmarknadsbolag), förvalta fast och lös egendom samt bedriva annan härmed förenlig verksamhet.",70100 - Verksamheter som utövas av huvudkontor,Beskrivning av kunden,Risk & Compliance,Kundens uppgifter,,,AB - Privat svenskt med koncern,,"<p> <b>Anna Efternamnsson</b> </p> Personen har kontroll genom aktier, andelar, medlemskap, avtal eller bestämmelse i exempelvis bolagsordning eller stadgar. 100 %<p> <b></b>  </p><p> <b></b>  </p>",Sverige,"""Endast vid bokslut/deklaration, en gång per år""",80,"Företaget säljer konsulttjänster inom skogsvård till SÖDRA. Väldigt få inköp, endast SÖDRA som kund,",,"Löpande bokföring,Rådgivning,Inlämning periodisk sammanställning,Hantering av anläggningsregister och avskrivningar,Kundreskontra,Moms,ROT/RUT-hantering,Leverantörsreskontra,Utföra betalningsuppdrag,Avstämning,lönehantering,Årsredovisning,Upprätta kontrollbalansräkning,Deklaration","Löpande bokföring,Moms,Avstämning,lönehantering,Årsredovisning,Deklaration","Hantering av anläggningsregister och avskrivningar, Moms, ROT/RUT-hantering, Utföra betalningsuppdrag",Moms,2025-08-04 11:40,2025-8-4,låg,"Det saknas riskhöjande faktorer på kunden, den anlitar oss för en tjänst som vi bedömt har högre risk att utnyttjas för pennintvätt men i kombination med att kunden i sig är lågrisk så bedömmer vi risken låg till normal och den slutliga bedömningen landar i normal risk och kunden kommer följas upp årligen eller vid förändringar/avvikelser. ",,,,,,,,,,,,,,,,,,"Kapacitet att ta emot kunden,Kundkännedom har uppnåtts,Kunden bedöms som seriös,Kunskap nog att hjälpa kunden",checked,70100,,2025-8-8,,,,,,,,,,Inga avvikelser noterade,2024 : 1 000 000 - 4 999 999 tkr,Firman tecknas av styrelsen. Dessutom har verkställande direktören rätt att teckna firman beträffande löpande förvaltningsåtgärder,,,,,,,,,,,,,,Lågrisk
,,2025-8-15 15:50,,,,,,,,,,,,,,,,,Beskrivning av kunden,,,,,,,,Annat land,,,,,,,,,2025-08-10 15:29,,,,,,,,,,,,,,,Betalkort,Närstående är PEP,Avancerad rådgivning kring skatter,,,Ja,"Kapacitet att ta emot kunden,Kundkännedom har uppnåtts,Kunden bedöms som seriös,Kunskap nog att hjälpa kunden",checked,,,2025-8-10,,,,,,,,,,,,,,,,,,,,,,,,,❌ Lågrisk,#ERROR!
,556123-4567,2025-8-15 15:50,,,Testföretag AB,,,,,,,,,"Testgatan 1, 12345 Stockholm",,,Test av API-integration,,Testdata från API Proxy Service,,,,,,,,,,,,,,,,,,,,,,,,,,,,,,,,,,,,,,"Kapacitet att ta emot kunden,Kundkännedom har uppnåtts,Kunden bedöms som seriös,Kunskap nog att hjälpa kunden",checked,,,2025-8-13,,,,,,,,,,,,,,,,,,,,,,,,,❌ Lågrisk,#ERROR!
,556123-4567,2025-8-15 15:50,,,Test företag,,,,,,,,,Test adress,,,Test beskrivning,,Test kundbeskrivning,,,,,,,,,,,,,,,,,,,,,,,,,,,,,,,,,,,,,,"Kapacitet att ta emot kunden,Kundkännedom har uppnåtts,Kunden bedöms som seriös,Kunskap nog att hjälpa kunden",checked,,,2025-8-13,,,,,,,,,,,,,,,,,,,,,,,,,❌ Lågrisk,#ERROR!
,5560021361,2025-8-15 15:50,,,Testbolag 4 bokat av SKV Aktiebolag,,,,,,,,,"Testgatan 1, 85181 SUNDSVALL",,,Testverksamhet,,"Organisationsform: Aktiebolag, Juridisk Form: Övriga aktiebolag, Registreringsdatum: 1898-02-28, Miljö: test",,,,,,,,,,,,,,,,,,,,,,,,,,,,,,,,,,,,,,"Kapacitet att ta emot kunden,Kundkännedom har uppnåtts,Kunden bedöms som seriös,Kunskap nog att hjälpa kunden",checked,,,2025-8-13,,,,,,,,,,,,,,,,,,,,,,,,,❌ Lågrisk,#ERROR!
,5560021361,2025-8-15 15:50,,,Testbolag 4 bokat av SKV Aktiebolag,,,,,,,,,"Testgatan 1, 85181 SUNDSVALL",,,Testverksamhet,,"Organisationsform: Aktiebolag, Juridisk Form: Övriga aktiebolag, Registreringsdatum: 1898-02-28, Miljö: test",,,,,,,,,,,,,,,,,,,,,,,,,,,,,,,,,,,,,,"Kapacitet att ta emot kunden,Kundkännedom har uppnåtts,Kunden bedöms som seriös,Kunskap nog att hjälpa kunden",checked,,,2025-8-13,,,,,,,,,,,,,,,,,,,,,,,,,❌ Lågrisk,#ERROR!
,198101032384,2025-8-15 15:50,,,Testbolag 60 bokat,,,,,,,,,"Testvägen 1, 85181 SUNDSVALL",,,Testverksamhet,,"Organisationsform: Enskild näringsverksamhet, Juridisk Form: Fysiska personer, Registreringsdatum: 2024-05-14, Miljö: test",,,,,,,,,,,,,,,,,,,,,,,,,,,,,,,,,,,,,,"Kapacitet att ta emot kunden,Kundkännedom har uppnåtts,Kunden bedöms som seriös,Kunskap nog att hjälpa kunden",checked,,,2025-8-13,,,,,,,,,,,,,,,,,,,,,,,,,❌ Lågrisk,#ERROR!
,198101052382,2025-8-15 15:50,,,Snö i april,,,,,,,,,"Box 1, 85181 SUNDSVALL",,,SKV verksamhetsbeskrivning för namnskydd Enskild 198101052382,,"Organisationsform: Enskild näringsverksamhet, Juridisk Form: Fysiska personer, Registreringsdatum: 2024-05-14, Miljö: test",,,,,,,,,,,,,,,,,,,,,,,,,,,,,,,,,,,,,,"Kapacitet att ta emot kunden,Kundkännedom har uppnåtts,Kunden bedöms som seriös,Kunskap nog att hjälpa kunden",checked,,,2025-8-13,,,,,,,,,,,,,,,,,,,,,,,,,❌ Lågrisk,#ERROR!
,5560021361,2025-8-15 15:50,,,Testbolag 4 bokat av SKV Aktiebolag,,,,,,,,,"Testgatan 1, 85181 SUNDSVALL",,,Testverksamhet,,"Organisationsform: Aktiebolag, Juridisk Form: Övriga aktiebolag, Registreringsdatum: 1898-02-28, Miljö: test",,,,,,,,,,,,,,,,,,,,,,,,,,,,,,,,,,,,,,"Kapacitet att ta emot kunden,Kundkännedom har uppnåtts,Kunden bedöms som seriös,Kunskap nog att hjälpa kunden",checked,,,2025-8-14,,,,,,,,,,,,,,,,,,,,,,,,,❌ Lågrisk,#ERROR!
,5560021361,2025-8-15 15:50,,,Testbolag 4 bokat av SKV Aktiebolag,,,,,,,,,"Testgatan 1, 85181 SUNDSVALL",,,Testverksamhet,,"Organisationsform: Aktiebolag, Juridisk Form: Övriga aktiebolag, Registreringsdatum: 1898-02-28, Miljö: test",,,,,,,,,,,,,,,,,,,,,,,,,,,,,,,,,,,,,,"Kapacitet att ta emot kunden,Kundkännedom har uppnåtts,Kunden bedöms som seriös,Kunskap nog att hjälpa kunden",checked,,,2025-8-14,,,,,,,,,,,,,,,,,,,,,,,,,❌ Lågrisk,#ERROR!
,5560021361,2025-8-15 15:50,,,Testbolag 4 bokat av SKV Aktiebolag,,,,,,,,,"Testgatan 1, 85181 SUNDSVALL",,,Testverksamhet,,"Organisationsform: Aktiebolag, Juridisk Form: Övriga aktiebolag, Registreringsdatum: 1898-02-28, Verksam: [object Object], Miljö: test, Användar-ID: Ej angivet, Byrå-ID: Ej angivet",,,,,Aktiebolag,,,,,,,,,,,,,,,,,,,,,,,,,,,,,,,,,"Kapacitet att ta emot kunden,Kundkännedom har uppnåtts,Kunden bedöms som seriös,Kunskap nog att hjälpa kunden",checked,,,2025-8-14,,,,,,,,,,,,,,,,,,,,,,,,,❌ Lågrisk,#ERROR!
,5560021361,2025-8-15 15:50,,,Testbolag 4 bokat av SKV Aktiebolag,,,,,,,,,"Testgatan 1, 85181 SUNDSVALL",,,Testverksamhet,,"Organisationsform: Aktiebolag, Juridisk Form: Övriga aktiebolag, Registreringsdatum: 1898-02-28, Verksam: [object Object], Miljö: test, Användar-ID: Ej angivet, Byrå-ID: Ej angivet",,,,,Aktiebolag,,,,,,,,,,,,,,,,,,,,,,,,,,,,,,,,,"Kapacitet att ta emot kunden,Kundkännedom har uppnåtts,Kunden bedöms som seriös,Kunskap nog att hjälpa kunden",checked,,,2025-8-14,,,,,,,,,,,,,,,,,,,,,,,,,❌ Lågrisk,#ERROR!
,5560021361,2025-8-15 15:50,,,Testbolag 4 bokat av SKV Aktiebolag,,,,,,,,,"Testgatan 1, 85181 SUNDSVALL",,,Testverksamhet,,"Organisationsform: Aktiebolag, Juridisk Form: Övriga aktiebolag, Registreringsdatum: 1898-02-28, Verksam: [object Object], Miljö: test, Användar-ID: Ej angivet, Byrå-ID: Ej angivet",,,,,Aktiebolag,,,,,,,,,,,,,,,,,,,,,,,,,,,,,,,,,"Kapacitet att ta emot kunden,Kundkännedom har uppnåtts,Kunden bedöms som seriös,Kunskap nog att hjälpa kunden",checked,,,2025-8-14,,,,,,,,,,,,,,,,,,,,,,,,,❌ Lågrisk,#ERROR!
,5560021361,2025-8-15 15:50,,,Testbolag 4 bokat av SKV Aktiebolag,,,,,,,,,"Testgatan 1, 85181 SUNDSVALL",,,Testverksamhet,,"Organisationsform: Aktiebolag, Juridisk Form: Övriga aktiebolag, Registreringsdatum: 1898-02-28, Verksam: [object Object], Miljö: test, Användar-ID: Ej angivet, Byrå-ID: Ej angivet",,,,,Aktiebolag,,,,,,,,,,,,,,,,,,,,,,,,,,,,,,,,,"Kapacitet att ta emot kunden,Kundkännedom har uppnåtts,Kunden bedöms som seriös,Kunskap nog att hjälpa kunden",checked,,,2025-8-14,,,,,,,,,,,,,,,,,,,,,,,,,❌ Lågrisk,#ERROR!
,5560021361,2025-8-15 15:50,,,Testbolag 4 bokat av SKV Aktiebolag,,,,,,,,,"Testgatan 1, 85181 SUNDSVALL",,,Testverksamhet,,"Organisationsform: Aktiebolag, Juridisk Form: Övriga aktiebolag, Registreringsdatum: 1898-02-28, Verksam: [object Object], Miljö: test, Användar-ID: Ej angivet, Byrå-ID: Ej angivet",,,,,Aktiebolag,,,,,,,,,,,,,,,,,,,,,,,,,,,,,,,,,"Kapacitet att ta emot kunden,Kundkännedom har uppnåtts,Kunden bedöms som seriös,Kunskap nog att hjälpa kunden",checked,,,2025-8-14,,,,,,,,,,,,,,,,,,,,,,,,,❌ Lågrisk,#ERROR!
,5560021361,2025-8-15 15:50,,,Testbolag 4 bokat av SKV Aktiebolag,,,,,,,,,"Testgatan 1, 85181 SUNDSVALL",,,Testverksamhet,,"Organisationsform: Aktiebolag, Juridisk Form: Övriga aktiebolag, Registreringsdatum: 1898-02-28, Verksam: [object Object], Miljö: test, Användar-ID: Ej angivet, Byrå-ID: Ej angivet",,,,,Aktiebolag,,,,,,,,,,,,,,,,,,,,,,,,,,,,,,,,,"Kapacitet att ta emot kunden,Kundkännedom har uppnåtts,Kunden bedöms som seriös,Kunskap nog att hjälpa kunden",checked,,,2025-8-14,,,,,,,,,,,,,,,,,,,,,,,,,❌ Lågrisk,#ERROR!
,5560021361,2025-8-15 15:50,,,Testbolag 4 bokat av SKV Aktiebolag,,,,,,,,,"Testgatan 1, 85181 SUNDSVALL",,,Testverksamhet,,"Organisationsform: Aktiebolag, Juridisk Form: Övriga aktiebolag, Registreringsdatum: 1898-02-28, Verksam: [object Object], Miljö: test, Användar-ID: Ej angivet, Byrå-ID: Ej angivet",,,,,Aktiebolag,,,,,,,,,,,,,,,,,,,,,,,,,,,,,,,,,"Kapacitet att ta emot kunden,Kundkännedom har uppnåtts,Kunden bedöms som seriös,Kunskap nog att hjälpa kunden",checked,,,2025-8-14,,,,,,,,,,,,,,,,,,,,,,,,,❌ Lågrisk,#ERROR!
42,5567223705,2025-8-15 15:51,,35,"Testbolaget Aktiebolag, Blv Banken med privilier att automatisera alla transaktioner, Blv PF Banken med privilier att automatisera alla transaktioner",1897-02-08,,,,,,,,"Testvägen 1, 11111 TESTHOLMEN",,,Bolaget skall bedriva test samt idka därmed förenlig verksamhet.,,Beskrivning av kunden,,,,,Aktiebolag,,,,,,,,"Löpande bokföring,Rådgivning,Inlämning periodisk sammanställning,Hantering av anläggningsregister och avskrivningar,Kundreskontra,Moms,ROT/RUT-hantering,Leverantörsreskontra,Utföra betalningsuppdrag,Avstämning,lönehantering,Årsredovisning,Upprätta kontrollbalansräkning,Deklaration",,"Hantering av anläggningsregister och avskrivningar, Moms, ROT/RUT-hantering, Utföra betalningsuppdrag",,,,,,,,,,,,,,,,,,,,,,,"Kapacitet att ta emot kunden,Kundkännedom har uppnåtts,Kunden bedöms som seriös,Kunskap nog att hjälpa kunden",checked,,,2025-8-15,,,,,,,,,,,,,,Sverige,Ja,2023-12-31,2022-12-31,,051e63aa-5233-464f-a307-1e75424d5e6f_paket,,bab5612d-6c25-4771-8e20-354d9a85d98c_paket,senaste-arsredovisning-2022-12-31.pdf (https://v5.airtableusercontent.com/v3/u/44/44/1756310400000/JGW0p1DW8KnCXzFmc9nDbQ/_SA7sETsnkEXgvk5Orj_eUH4QAdiP-x1NHlSWELqrTR0ow8IzGVLUszunfWjhk1OdpoROxruOM1-CCZ0Tx6dcMh-h9fqPSlYW1bUNXdpRm1wKl7-Gglni1dFlkxAAoNQetxyuP8GqCtDaV7BK3r2M40WpPuguM-wXa6n2Uvx4NebKOU7QToVw6mNxAkVkAST/goL9K3CI0EKjwGGaeY5W4ua8HPJcx_bJNAh1HT_IzNk),fg-arsredovisning-2023-12-31.pdf (https://v5.airtableusercontent.com/v3/u/44/44/1756310400000/PJWshaEhGuVEmDVXcWQw2Q/4ndG25_-lrSqUu3TZwVpAsRBGBOoQEyj1jYMdPGKK5k6OgbVjXePfGnIxJH432YTLarZMpj-7tUI4Nz4VCB30_GfnBWXpZuSrlD9jjtSZwY78yOAtlDB14YZPYfMUll_KC_EnBZFOytLP0aJ79wTLliXyoWlXFRSgV_8ynJWzWIhpZglDDW89SztQgpNA3Cl/FGAKHCTWwlpvET2LvYUelsgb-GtbSisgHUBl2zGHkO4),,❌ Lågrisk,#ERROR!
42,5567223705,2025-8-18 14:51,,35,"Testbolaget Aktiebolag, Blv Banken med privilier att automatisera alla transaktioner, Blv PF Banken med privilier att automatisera alla transaktioner",1897-02-08,,,,,,,,"Testvägen 1, 11111 TESTHOLMEN",,,Bolaget skall bedriva test samt idka därmed förenlig verksamhet.,,Beskrivning av kunden,,,,,Aktiebolag,,,,,,,,"Årsredovisning,Avstämning,Deklaration","Löpande bokföring,Leverantörsreskontra,Årsredovisning,Upprätta kontrollbalansräkning",,,,,,,,,,,,,,,,,,,,,,,,"Kapacitet att ta emot kunden,Kundkännedom har uppnåtts,Kunden bedöms som seriös,Kunskap nog att hjälpa kunden",checked,,,2025-8-15,,,,,,,,,,,,,,Sverige,Ja,2023-12-31,2022-12-31,,051e63aa-5233-464f-a307-1e75424d5e6f_paket,,bab5612d-6c25-4771-8e20-354d9a85d98c_paket,senaste-arsredovisning-2022-12-31.pdf (https://v5.airtableusercontent.com/v3/u/44/44/1756310400000/7wHSQLFkNqfnfPXrsvFXYQ/8O0tm-klORdwiW2HaouY-b4Jvgrk8v8ojQIMRKupx8WL6CQNs6ArRjuwA4iy3W5sGtU4C0KRbJYVXie_WYzRFyCQagHUYw9weBtRaMAW166enan7oUd9vYMeRpM0JPP4UH2wRJz7722ovGCGTUMYWf7Rj3DeqAcQYfoNTJNrVbbin0C1b72CFg7DkzMBAAoU/ouA3jSXBAMrGnVD7tDhbpxaLuXXK5p0FHNQcD8UIaTU),fg-arsredovisning-2023-12-31.pdf (https://v5.airtableusercontent.com/v3/u/44/44/1756310400000/QhsP5XCRst0tXY5r-Cx2hw/UT7kgIuoeZo5yvOrVQ_wHikTQ1lWCbanibl0v05w8lKo2IgeUA-p-lAJu9muQuc6JVPNO45fzwkpsG_TRrGyAzVDqNdqt95INRmr6BBBJSeEye-kaMzs9QtmAR13qTVnv2JLQifOHbvB7ne1q5W-c9T55Z87-Cl4p0-P8MTnJ8CAwcrzXudWopAmxMU_H7El/dIAp_Kn1sLqJU957RCa-tmgpkydmmcc8mIo5ivRJRIY),,,
42,5567223705,2025-8-18 14:51,,35,"Testbolaget Aktiebolag, Blv Banken med privilier att automatisera alla transaktioner, Blv PF Banken med privilier att automatisera alla transaktioner",1897-02-08,,,,,,,,"Testvägen 1, 11111 TESTHOLMEN",,,Bolaget skall bedriva test samt idka därmed förenlig verksamhet.,,Beskrivning av kunden,,,,,Aktiebolag,,,,,,,,"Löpande bokföring,Rådgivning,Inlämning periodisk sammanställning,Hantering av anläggningsregister och avskrivningar,Kundreskontra,Moms,ROT/RUT-hantering,Leverantörsreskontra,Utföra betalningsuppdrag,Avstämning,lönehantering,Årsredovisning,Upprätta kontrollbalansräkning,Deklaration","Löpande bokföring,Rådgivning,Inlämning periodisk sammanställning,Hantering av anläggningsregister och avskrivningar,Kundreskontra,Moms,ROT/RUT-hantering,Leverantörsreskontra,Utföra betalningsuppdrag,Avstämning,lönehantering,Årsredovisning,Upprätta kontrollbalansräkning,Deklaration","Hantering av anläggningsregister och avskrivningar, Moms, ROT/RUT-hantering, Utföra betalningsuppdrag","Hantering av anläggningsregister och avskrivningar, Moms, ROT/RUT-hantering, Utföra betalningsuppdrag",,,,,,,,,,,,,,,,,,,,,,"Kapacitet att ta emot kunden,Kundkännedom har uppnåtts,Kunden bedöms som seriös,Kunskap nog att hjälpa kunden",checked,,,2025-8-18,,,,,,,,,,,,,,Sverige,Ja,2023-12-31,2022-12-31,,051e63aa-5233-464f-a307-1e75424d5e6f_paket,,bab5612d-6c25-4771-8e20-354d9a85d98c_paket,senaste-arsredovisning-2022-12-31.pdf (https://v5.airtableusercontent.com/v3/u/44/44/1756310400000/czJu1o7mCAqWZvR2dy9zRg/SDzqc-zYMFz0KC0O5mhthLP57_dZwL8C521KOswt14crnUj_mCKglz7nfxp9uWN886u2RYc6YJsJK11EkFIeQ4tcO97GPlty0JyemXSNKJRPV5XWhbGfN-VxNJT7K0EW6QtnUzAcweO6KBVazEjGjNWL1_Bt4w1zicEKaxJp7wv6qbOMFSvQjAE1tp86PgSs/JyygftjrDEeSdhyFPbucOooScWlzaDqFuB6h5-nP96M),fg-arsredovisning-2023-12-31.pdf (https://v5.airtableusercontent.com/v3/u/44/44/1756310400000/nsP9M5m634dD51D3m2UGLA/jBafYy2X0V9iRyqjFPuqCC-suQAM4cWIt39aQARtg9mJ-kSW3GHNDud0wAoEY9YLOsAemSRMBzBqhCuig1tNAGYaiZDg_pZRL19Z6wqeTj6S1Ta61I6IriFV1qImgs6HCfEQahhlYMGnXfsWm-FZbderAJoiIZTeqFZtL6w9mK7ttlaUnZK_QTEFXxF87-7M/UT9-tkZzFWhX57iNRQJuE1GuOaXPZt4yNrCv2buGcc0),,,
42,5567223705,2025-8-21 13:21,,35,"Testbolaget Aktiebolag, Blv Banken med privilier att automatisera alla transaktioner, Blv PF Banken med privilier att automatisera alla transaktioner",1897-02-08,,,,,,,,"Testvägen 1, 11111 TESTHOLMEN",,,Bolaget skall bedriva test samt idka därmed förenlig verksamhet.,,Beskrivning av kunden,,,,,Aktiebolag,,,,,,,,"Löpande bokföring,Rådgivning,Inlämning periodisk sammanställning,Hantering av anläggningsregister och avskrivningar,Kundreskontra,Moms,ROT/RUT-hantering,Leverantörsreskontra,Utföra betalningsuppdrag,Avstämning,lönehantering,Årsredovisning,Upprätta kontrollbalansräkning,Deklaration","Löpande bokföring,Rådgivning,Inlämning periodisk sammanställning,Hantering av anläggningsregister och avskrivningar,Kundreskontra,Moms,ROT/RUT-hantering,Leverantörsreskontra,Utföra betalningsuppdrag,Avstämning,lönehantering,Årsredovisning,Upprätta kontrollbalansräkning,Deklaration","Hantering av anläggningsregister och avskrivningar, Moms, ROT/RUT-hantering, Utföra betalningsuppdrag","Hantering av anläggningsregister och avskrivningar, Moms, ROT/RUT-hantering, Utföra betalningsuppdrag",,,,,,,,,,,,,,,,,,,,,,"Kapacitet att ta emot kunden,Kundkännedom har uppnåtts,Kunden bedöms som seriös,Kunskap nog att hjälpa kunden",checked,,,2025-8-21,,,,,,,,,,,,,,Sverige,Ja,2023-12-31,2022-12-31,,051e63aa-5233-464f-a307-1e75424d5e6f_paket,,bab5612d-6c25-4771-8e20-354d9a85d98c_paket,senaste-arsredovisning-2022-12-31.pdf (https://v5.airtableusercontent.com/v3/u/44/44/1756310400000/zXUQZMX2gixHeM40IgLW5g/fhEpGDv-hSj7OeZGxEXwIfZTWtqSCVrTK1fKcPq6HP4HaED-9sZ3ecbcVLa_OMxwAlegvcvd09o5GTQ-aBRYHKXsRzsPEGYGQUEDtY27c3yhiDDt-nERdt_YglXP75ddSwTauRftrtNJyI7uv9VHH0JCWsPinFtGlwKdLKyTh-5rdoq1b1Biv9fZaT5B2sbl/FzdyGSX8fRKBt_vg43ddZAyRBWC9Pb3FJ5mte-y5d_M),fg-arsredovisning-2023-12-31.pdf (https://v5.airtableusercontent.com/v3/u/44/44/1756310400000/Ivn5-dJ4iCDLvorgE_pNnA/5XS9W3t5IZ2_Q7XXqfGoYPN37mqlLk7HmZ0HfzM1VIlcgxfn1XxyAvS0dxqboYxoBZIv_A2B7inDsyKoSj6KHLXPblqZsVhopEbGrVE-lkr_-txTfgLGqkOqKpvb4ioN9nY9_pjxwf4T6R1AR-lBbaltzs3Cgly98ewbAEMlJJ7KYRah9Pzqy0iFGoyojVnS/lpu-w2ICdkBJC8zGHUvlyIxwxq_gNJzYJ6rmccpf3pA),,,
,1234567890,2025-8-22 15:35,,,Test Företag AB,,,,,,,,,,,,,,Beskrivning av kunden,,,,,,,,,,,,,,,,,,,,,,,,,,,,,,,,,,,,,,"Kapacitet att ta emot kunden,Kundkännedom har uppnåtts,Kunden bedöms som seriös,Kunskap nog att hjälpa kunden",checked,,,2025-8-22,,,,,,,,,,,,,,,,,,,,,,,,,,
,1234567890,2025-8-22 15:36,,,Test Företag AB,,,,,,,,,,,,,,Beskrivning av kunden,,,,,,,,,,,,,,,,,,,,,,,,,,,,,,,,,,,,,,"Kapacitet att ta emot kunden,Kundkännedom har uppnåtts,Kunden bedöms som seriös,Kunskap nog att hjälpa kunden",checked,,,2025-8-22,,,,,,,,,,,,,,,,,,,,,,,,,,
,1234567890,2025-8-22 15:36,,,Test Företag AB,,,,,,,,,,,,,,Beskrivning av kunden,,,,,,,,,,,,,,,,,,,,,,,,,,,,,,,,,,,,,,"Kapacitet att ta emot kunden,Kundkännedom har uppnåtts,Kunden bedöms som seriös,Kunskap nog att hjälpa kunden",checked,,,2025-8-22,,,,,,,,,,,,,,,,,,,,,,,,,,
,1234567890,2025-8-22 15:36,,,Test Företag AB,,,,,,,,,"Testgatan 1, 12345 Stockholm",,,Test verksamhet,,Beskrivning av kunden,,,,,Aktiebolag,,,,,,,,,,,,,,,,,,,,,,,,,,,,,,,,,"Kapacitet att ta emot kunden,Kundkännedom har uppnåtts,Kunden bedöms som seriös,Kunskap nog att hjälpa kunden",checked,,,2025-8-22,,,,,,,,,,,,,,,,,,,,,,,,,,
,8888888888,2025-8-22 15:36,,,Test F�retag 2 AB,,,,,,,,,"Testgatan 1, 12345 Stockholm",,,Test verksamhet,,Beskrivning av kunden,,,,,Aktiebolag,,,,,,,,,,,,,,,,,,,,,,,,,,,,,,,,,"Kapacitet att ta emot kunden,Kundkännedom har uppnåtts,Kunden bedöms som seriös,Kunskap nog att hjälpa kunden",checked,,,2025-8-22,,,,,,,,,,,,,,,,,,,,,,,,,,
,7777777777,2025-8-22 15:36,,,Test F�retag 3 AB,,,,,,,,,"Testgatan 3, 12345 Stockholm",,,Test verksamhet 3,,Beskrivning av kunden,,,,,Aktiebolag,,,,,,,,,,,,,,,,,,,,,,,,,,,,,,,,,"Kapacitet att ta emot kunden,Kundkännedom har uppnåtts,Kunden bedöms som seriös,Kunskap nog att hjälpa kunden",checked,,,2025-8-22,,,,,,,,,,,,,,,,,,,,,,,,,,
,9999999999,2025-8-22 15:36,,,Test Företag 4 AB,,,,,,,,,"Testgatan 4, 12345 Stockholm",,,Test verksamhet 4,,Beskrivning av kunden,,,,,Aktiebolag,,,,,,,,,,,,,,,,,,,,,,,,,,,,,,,,,"Kapacitet att ta emot kunden,Kundkännedom har uppnåtts,Kunden bedöms som seriös,Kunskap nog att hjälpa kunden",checked,,,2025-8-22,,,,,,,,,,,,,,,,,,,,,,,,,,
,5555555555,2025-8-22 15:36,,,Frist�ende Test AB,,,,,,,,,"Frist�ende gatan 1, 12345 Stockholm",,,Test av frist�ende l�sning,,Beskrivning av kunden,,,,,Aktiebolag,,,,,,,,,,,,,,,,,,,,,,,,,,,,,,,,,"Kapacitet att ta emot kunden,Kundkännedom har uppnåtts,Kunden bedöms som seriös,Kunskap nog att hjälpa kunden",checked,,,2025-8-22,,,,,,,,,,,,,,,,,,,,,,,,,,
,780623-1531,2025-8-22 15:36,,,Test Företag AB,,,,,,,,,"Testgatan 1, 12345 Stockholm",,,Test verksamhet,,Beskrivning av kunden,,,,,Aktiebolag,,,,,,,,,,,,,,,,,,,,,,,,,,,,,,,,,"Kapacitet att ta emot kunden,Kundkännedom har uppnåtts,Kunden bedöms som seriös,Kunskap nog att hjälpa kunden",checked,,,2025-8-22,,,,,,,,,,,,,,,,,,,,,,,,,,
42,5567223705,2025-8-22 15:36,,35,"Testbolaget Aktiebolag, Blv Banken med privilier att automatisera alla transaktioner, Blv PF Banken med privilier att automatisera alla transaktioner",1897-02-08,,,,,,,,"Testvägen 1, 11111 TESTHOLMEN",,,Bolaget skall bedriva test samt idka därmed förenlig verksamhet.,,Beskrivning av kunden,,,,,Aktiebolag,,,,,,,,"Löpande bokföring,Rådgivning,Inlämning periodisk sammanställning,Hantering av anläggningsregister och avskrivningar,Kundreskontra,Moms,ROT/RUT-hantering,Leverantörsreskontra,Utföra betalningsuppdrag,Avstämning,lönehantering,Årsredovisning,Upprätta kontrollbalansräkning,Deklaration","Löpande bokföring,Rådgivning,Inlämning periodisk sammanställning,Hantering av anläggningsregister och avskrivningar,Kundreskontra,Moms,ROT/RUT-hantering,Leverantörsreskontra,Utföra betalningsuppdrag,Avstämning,lönehantering,Årsredovisning,Upprätta kontrollbalansräkning,Deklaration","Hantering av anläggningsregister och avskrivningar, Moms, ROT/RUT-hantering, Utföra betalningsuppdrag","Hantering av anläggningsregister och avskrivningar, Moms, ROT/RUT-hantering, Utföra betalningsuppdrag",,,,,,,,,,,,,,,,,,,,,,"Kapacitet att ta emot kunden,Kundkännedom har uppnåtts,Kunden bedöms som seriös,Kunskap nog att hjälpa kunden",checked,,,2025-8-22,,,,,,,,,,,,,,Sverige,Ja,2023-12-31,2022-12-31,,051e63aa-5233-464f-a307-1e75424d5e6f_paket,,bab5612d-6c25-4771-8e20-354d9a85d98c_paket,senaste-arsredovisning-2022-12-31.pdf (https://v5.airtableusercontent.com/v3/u/44/44/1756310400000/Ffbm9vU3K3Ak_iR-a_CTBw/3Dd-iYIWw4MxajN32XOnY1Sce_iPOSbpx77-7ayEEIYDwFeGZG9osrRMhCZURDkNSuGPLDfcDNjaFaJxypibFl9FSyDOJ6dDiIWsU6UKmwXp6wfbVbGdLqO-_bgFbucIGMEm3qhFhy7g5BraI83_h9fbMj02qk7aBKNWhBHEj8PXQewreJuvX_710ChTOvb6/oXPpay_o5g7p9inYYCr9rIPjCOWNuFyAAHI5_yDez3g),fg-arsredovisning-2023-12-31.pdf (https://v5.airtableusercontent.com/v3/u/44/44/1756310400000/vc1WEhU-vIth00S8omPouA/hPNM1gfT2pUAbpgqiDLsAsbMagU0PG3nx9J9-HdsDkwcNE9wKLc1NdhyzQMHKKnbreZLLQxvbUDICevPdjenyUMfmiEtyIZqryqVkBodOHTGCaKiENT-Iccrp4Tqcoow1i6HE4EuOT2swgBuHUhgT5cDKvttfxi25BwV-8vwz41nzGH5MkVp6V0uL8qvUD9w/KLrcex40d2o7-jFUFq3bHWos85UlTruVoO2OkL7_kiA),,,
42,5567223705,2025-8-22 21:29,,35,"Testbolaget Aktiebolag, Blv Banken med privilier att automatisera alla transaktioner, Blv PF Banken med privilier att automatisera alla transaktioner",1897-02-08,,,,,,,,"Testvägen 1, 11111 TESTHOLMEN",,,Bolaget skall bedriva test samt idka därmed förenlig verksamhet.,,Beskrivning av kunden,,,,,Aktiebolag,,,,,,,,"Löpande bokföring,Rådgivning,Inlämning periodisk sammanställning,Hantering av anläggningsregister och avskrivningar,Kundreskontra,Moms,ROT/RUT-hantering,Leverantörsreskontra,Utföra betalningsuppdrag,Avstämning,lönehantering,Årsredovisning,Upprätta kontrollbalansräkning,Deklaration","Löpande bokföring,Rådgivning,Inlämning periodisk sammanställning,Hantering av anläggningsregister och avskrivningar,Kundreskontra,Moms,ROT/RUT-hantering,Leverantörsreskontra,Utföra betalningsuppdrag,Avstämning,lönehantering,Årsredovisning,Upprätta kontrollbalansräkning,Deklaration","Hantering av anläggningsregister och avskrivningar, Moms, ROT/RUT-hantering, Utföra betalningsuppdrag","Hantering av anläggningsregister och avskrivningar, Moms, ROT/RUT-hantering, Utföra betalningsuppdrag",,,,,,,,,,,,,,,,,,,,,,"Kapacitet att ta emot kunden,Kundkännedom har uppnåtts,Kunden bedöms som seriös,Kunskap nog att hjälpa kunden",checked,,,2025-8-22,,,,,,,,,,,,,,Sverige,Ja,2023-12-31,2022-12-31,,051e63aa-5233-464f-a307-1e75424d5e6f_paket,,bab5612d-6c25-4771-8e20-354d9a85d98c_paket,senaste-arsredovisning-2022-12-31.pdf (https://v5.airtableusercontent.com/v3/u/44/44/1756310400000/yRUVKlgbHMxlyiOzvf0yng/oFpt09RXyLUN5Yd5OJGpU58jzhg38rtYH2VA5wGELGYdHzCCNLHf8yN49py6nrenIrugU3sSd60m7CGOIBFq-3fW3e_OGq1tfKc-schVGmjaWGOY7cxEtRIrT1EwKQgcv8-Jos3OWTsoJypQy2327oMAQd5Ct7BPRkidCBWug3O7DWDIO1yaJ4O4jRigeHIJ/nnvtXto7jt1e73BcPtFckq1bQX3lIL6rX8unysX8pdo),fg-arsredovisning-2023-12-31.pdf (https://v5.airtableusercontent.com/v3/u/44/44/1756310400000/I3zOFZ1iL_NtGRXsuJKtmA/R-ZrHycYm-6eco3eLBMc_OnEP0SzOq_OsmRIGPWWyeIUJErKpajPV9WGRXZCl7wv5uijCOjpBm_T44sok4xV3GPSMdxmDrGooS5-CFOaUnn7alzsjt1cMpgJE0SXGDoxWbrD-B6mxNOJBgIDttEWF9qUyQwkRefibjxKbrCSvBHmWewHzuo1yxljNdLkAVMi/aSiEiT3XbhSLb_-imaDUTBOdBF0YfwKEyJT7foUqWJE),,,
,5567223705,2025-8-23 08:34,,,Testf�retag AB,,,,,,,,,,,,,,Beskrivning av kunden,,,,,,,,,,,,,,,,,,,,,,,,,,,,,,,,,,,,,,"Kapacitet att ta emot kunden,Kundkännedom har uppnåtts,Kunden bedöms som seriös,Kunskap nog att hjälpa kunden",checked,,,2025-8-22,,,,,,,,,,,,,,,,,,,,,,,,,,
,5567223705,2025-8-23 08:34,,10,"Testbolaget Aktiebolag, Blv Banken med privilier att automatisera alla transaktioner, Blv PF Banken med privilier att automatisera alla transaktioner",1897-02-08,,,,,,,,"Testvägen 1, 11111 TESTHOLMEN",,,Bolaget skall bedriva test samt idka därmed förenlig verksamhet.,,Beskrivning av kunden,,,,,Aktiebolag,,,,,,,,,,,,,,,,,,,,,,,,,,,,,,,,,"Kapacitet att ta emot kunden,Kundkännedom har uppnåtts,Kunden bedöms som seriös,Kunskap nog att hjälpa kunden",checked,,,2025-8-22,,,,,,,,,,,,,,Sverige,Ja,2023-12-31,2022-12-31,,051e63aa-5233-464f-a307-1e75424d5e6f_paket,,bab5612d-6c25-4771-8e20-354d9a85d98c_paket,,,,,
,5567223705,2025-8-23 08:34,,10,"Testbolaget Aktiebolag, Blv Banken med privilier att automatisera alla transaktioner, Blv PF Banken med privilier att automatisera alla transaktioner",1897-02-08,,,,,,,,"Testvägen 1, 11111 TESTHOLMEN",,,Bolaget skall bedriva test samt idka därmed förenlig verksamhet.,,Beskrivning av kunden,,,,,Aktiebolag,,,,,,,,,,,,,,,,,,,,,,,,,,,,,,,,,"Kapacitet att ta emot kunden,Kundkännedom har uppnåtts,Kunden bedöms som seriös,Kunskap nog att hjälpa kunden",checked,,,2025-8-22,,,,,,,,,,,,,,Sverige,Ja,2023-12-31,2022-12-31,,051e63aa-5233-464f-a307-1e75424d5e6f_paket,,bab5612d-6c25-4771-8e20-354d9a85d98c_paket,,,,,
42,5567223705,2025-8-23 08:34,,35,"Testbolaget Aktiebolag, Blv Banken med privilier att automatisera alla transaktioner, Blv PF Banken med privilier att automatisera alla transaktioner",1897-02-08,,,,,,,,"Testvägen 1, 11111 TESTHOLMEN",,,Bolaget skall bedriva test samt idka därmed förenlig verksamhet.,,Beskrivning av kunden,,,,,Aktiebolag,,,,,,,,"Löpande bokföring,Rådgivning,Inlämning periodisk sammanställning,Hantering av anläggningsregister och avskrivningar,Kundreskontra,Moms,ROT/RUT-hantering,Leverantörsreskontra,Utföra betalningsuppdrag,Avstämning,lönehantering,Årsredovisning,Upprätta kontrollbalansräkning,Deklaration","Löpande bokföring,Rådgivning,Inlämning periodisk sammanställning,Hantering av anläggningsregister och avskrivningar,Kundreskontra,Moms,ROT/RUT-hantering,Leverantörsreskontra,Utföra betalningsuppdrag,Avstämning,lönehantering,Årsredovisning,Upprätta kontrollbalansräkning,Deklaration","Hantering av anläggningsregister och avskrivningar, Moms, ROT/RUT-hantering, Utföra betalningsuppdrag","Hantering av anläggningsregister och avskrivningar, Moms, ROT/RUT-hantering, Utföra betalningsuppdrag",,,,,,,,,,,,,,,,,,,,,,"Kapacitet att ta emot kunden,Kundkännedom har uppnåtts,Kunden bedöms som seriös,Kunskap nog att hjälpa kunden",checked,,,2025-8-23,,,,,,,,,,,,,,Sverige,Ja,2023-12-31,2022-12-31,,051e63aa-5233-464f-a307-1e75424d5e6f_paket,,bab5612d-6c25-4771-8e20-354d9a85d98c_paket,senaste-arsredovisning-2022-12-31.pdf (https://v5.airtableusercontent.com/v3/u/44/44/1756310400000/_lpikBOhUclKJylIMHrl_A/4-FEM4MmpYxX1Xe67E9RQbLnSDJT-2MNP3TMl6CPDqMtCPDVgCeMNGAI41-FNvJSoWxecUcvInrye56d25MJ-IOpstQTlRMf2LV5GonTM04yeAl8aI45FTErhMsuk8QHiQboubt2thtlhaXM5oIs1SARahwG5FeP1Zo19wtB_KplHR2EuscMMRFMOR0EhKJO/5mXZrdLvhns4ECadNS_9MH79ki-p7jY4TYO2UfEmz6U),fg-arsredovisning-2023-12-31.pdf (https://v5.airtableusercontent.com/v3/u/44/44/1756310400000/eHmRFcG38qPx_swG4gHG2g/mBLvoEEhwR_cfJEffORqcByhcoxo-WBhhDqKaQKY8dcV-c-zvBiqaq0hUUZ0wA7Uxtm3Ym0KPePC8HUFe-JcEPCgYhGIXxITMZcMSpcy0q_vshWw7kwgc6-IeAkwT2SiTdlgcpbgb94nrasN3LAuLEzFvC2DrXtNLSHC1OPg3c-X6260IWFoUl1pPnxwo6cn/fIczDZ9h2v7AU5T_cvo1ouC7S_p5RmbtqlC0-PJ9qgA),,,